-- MySQL dump 10.11
--
-- Host: localhost    Database: map
-- ------------------------------------------------------
-- Server version	5.0.77-log

/*!40101 SET @OLD_CHARACTER_SET_CLIENT=@@CHARACTER_SET_CLIENT */;
/*!40101 SET @OLD_CHARACTER_SET_RESULTS=@@CHARACTER_SET_RESULTS */;
/*!40101 SET @OLD_COLLATION_CONNECTION=@@COLLATION_CONNECTION */;
/*!40101 SET NAMES utf8 */;
/*!40103 SET @OLD_TIME_ZONE=@@TIME_ZONE */;
/*!40103 SET TIME_ZONE='+00:00' */;
/*!40014 SET @OLD_UNIQUE_CHECKS=@@UNIQUE_CHECKS, UNIQUE_CHECKS=0 */;
/*!40014 SET @OLD_FOREIGN_KEY_CHECKS=@@FOREIGN_KEY_CHECKS, FOREIGN_KEY_CHECKS=0 */;
/*!40101 SET @OLD_SQL_MODE=@@SQL_MODE, SQL_MODE='NO_AUTO_VALUE_ON_ZERO' */;
/*!40111 SET @OLD_SQL_NOTES=@@SQL_NOTES, SQL_NOTES=0 */;

--
-- Table structure for table `badips`
--

DROP TABLE IF EXISTS `badips`;
SET @saved_cs_client     = @@character_set_client;
SET character_set_client = utf8;
CREATE TABLE `badips` (
  `id` int(11) NOT NULL auto_increment,
  `ip` varchar(255) default NULL,
  `strike` int(11) default NULL,
  `date` date default NULL,
  PRIMARY KEY  (`id`)
) ENGINE=MyISAM AUTO_INCREMENT=21 DEFAULT CHARSET=latin1;
SET character_set_client = @saved_cs_client;

--
-- Dumping data for table `badips`
--

LOCK TABLES `badips` WRITE;
/*!40000 ALTER TABLE `badips` DISABLE KEYS */;
INSERT INTO `badips` VALUES (17,'97.104.16.109',1,'2011-06-04'),(18,'98.249.169.231',1,'2011-07-25'),(19,'128.227.103.1',1,'2011-08-18'),(20,'129.24.22.75',1,'2011-09-19');
/*!40000 ALTER TABLE `badips` ENABLE KEYS */;
UNLOCK TABLES;

--
-- Table structure for table `changes`
--

DROP TABLE IF EXISTS `changes`;
SET @saved_cs_client     = @@character_set_client;
SET character_set_client = utf8;
CREATE TABLE `changes` (
  `id` int(11) NOT NULL auto_increment,
  `date` date default NULL,
  `change_id` int(11) NOT NULL,
  `tag_id` int(11) NOT NULL,
  `location_id` varchar(255) NOT NULL,
  PRIMARY KEY  (`id`)
) ENGINE=MyISAM AUTO_INCREMENT=1860 DEFAULT CHARSET=latin1;
SET character_set_client = @saved_cs_client;

--
-- Dumping data for table `changes`
--

LOCK TABLES `changes` WRITE;
/*!40000 ALTER TABLE `changes` DISABLE KEYS */;
INSERT INTO `changes` VALUES (1,'2011-05-23',1,198,'PGR'),(2,'2011-05-23',0,176,'OE'),(3,'2011-05-23',1,199,'DC'),(4,'2011-05-23',1,200,'DC'),(5,'2011-05-23',0,192,'PG5'),(6,'2011-05-23',0,166,'PG5'),(7,'2011-05-23',0,184,'PG5'),(8,'2011-05-23',0,179,'PG5'),(9,'2011-05-23',0,185,'PG5'),(10,'2011-05-23',0,188,'PG5'),(11,'2011-05-23',0,189,'PG5'),(12,'2011-05-23',0,186,'PG5'),(13,'2011-05-23',0,183,'PG5'),(14,'2011-05-23',0,187,'PG5'),(15,'2011-05-23',0,191,'PG5'),(16,'2011-05-23',0,190,'PG5'),(17,'2011-05-23',0,180,'PG5'),(18,'2011-05-23',0,182,'PG5'),(19,'2011-05-23',0,181,'PG5'),(20,'2011-05-23',0,163,'PG5'),(21,'2011-05-23',0,167,'PG5'),(22,'2011-05-23',0,197,'PG5'),(23,'2011-05-23',0,171,'PG5'),(24,'2011-05-23',1,201,'PG5'),(25,'2011-05-24',0,201,'PG5'),(26,'2011-05-24',0,168,'PG5'),(27,'2011-05-24',0,134,'PGR'),(28,'2011-05-24',0,198,'PGR'),(29,'2011-05-24',0,193,'PGR'),(30,'2011-05-24',0,196,'PGR'),(31,'2011-05-24',0,193,'PG5'),(32,'2011-05-26',1,134,'PG5'),(33,'2011-05-26',1,168,'GC'),(34,'2011-05-26',1,169,'GC'),(35,'2011-05-26',1,170,'GC'),(36,'2011-05-26',1,171,'GC'),(37,'2011-05-26',1,172,'GC'),(38,'2011-05-26',1,173,'GC'),(39,'2011-05-26',1,174,'GC'),(40,'2011-05-26',1,175,'GC'),(41,'2011-05-26',1,176,'GC'),(42,'2011-05-26',1,177,'GC'),(43,'2011-05-26',0,177,'GC'),(44,'2011-05-26',0,168,'GC'),(45,'2011-05-26',0,169,'GC'),(46,'2011-05-26',0,170,'GC'),(47,'2011-05-26',0,171,'GC'),(48,'2011-05-26',0,172,'GC'),(49,'2011-05-26',0,173,'GC'),(50,'2011-05-26',0,174,'GC'),(51,'2011-05-26',0,175,'GC'),(52,'2011-05-26',0,176,'GC'),(53,'2011-05-26',1,168,'GC'),(54,'2011-05-26',1,169,'GC'),(55,'2011-05-26',1,170,'GC'),(56,'2011-05-26',1,171,'GC'),(57,'2011-05-26',1,172,'GC'),(58,'2011-05-26',1,173,'GC'),(59,'2011-05-26',1,174,'GC'),(60,'2011-05-26',1,175,'GC'),(61,'2011-05-26',1,176,'GC'),(62,'2011-05-26',1,177,'GC'),(63,'2011-05-26',0,177,'GC'),(64,'2011-05-26',0,168,'GC'),(65,'2011-05-26',0,169,'GC'),(66,'2011-05-26',0,170,'GC'),(67,'2011-05-26',0,171,'GC'),(68,'2011-05-26',0,172,'GC'),(69,'2011-05-26',0,173,'GC'),(70,'2011-05-26',0,174,'GC'),(71,'2011-05-26',0,175,'GC'),(72,'2011-05-26',0,176,'GC'),(73,'2011-05-26',1,202,'GC'),(74,'2011-05-26',1,203,'GC'),(75,'2011-05-27',0,202,'GC'),(76,'2011-05-27',0,203,'GC'),(77,'2011-05-27',1,141,'GC'),(78,'2011-05-27',1,142,'GC'),(79,'2011-05-31',1,204,'GC'),(80,'2011-05-31',1,205,'GC'),(81,'2011-05-31',1,206,'GC'),(82,'2011-05-31',1,207,'GL'),(83,'2011-05-31',1,208,'GL'),(84,'2011-05-31',1,209,'GL'),(85,'2011-05-31',0,207,'GL'),(86,'2011-05-31',0,209,'GL'),(87,'2011-05-31',0,208,'GL'),(88,'2011-05-31',0,205,'GC'),(89,'2011-05-31',0,206,'GC'),(90,'2011-05-31',0,204,'GC'),(91,'2011-05-31',1,210,'PGG'),(92,'2011-05-31',0,210,'PGG'),(93,'2011-05-31',0,194,'PGP'),(94,'2011-05-31',0,194,'GPA'),(95,'2011-05-31',0,194,'PG5'),(96,'2011-05-31',1,211,'FIUS'),(97,'2011-05-31',1,212,'FIUS'),(98,'2011-05-31',1,213,'FIUS'),(99,'2011-05-31',1,139,'BBS'),(100,'2011-05-31',1,211,'BBS'),(101,'2011-05-31',1,212,'BBS'),(102,'2011-05-31',1,214,'GL'),(103,'2011-06-01',1,215,'CBC'),(104,'2011-06-01',1,216,'GC'),(105,'2011-06-01',1,217,'GC'),(106,'2011-06-01',1,218,'GC'),(107,'2011-06-01',1,218,'GC'),(108,'2011-06-01',1,153,'GC'),(109,'2011-06-01',1,219,'GC'),(110,'2011-06-01',1,220,'GC'),(111,'2011-06-01',1,221,'GC'),(112,'2011-06-01',1,222,'GC'),(113,'2011-06-01',1,223,'GC'),(114,'2011-06-01',1,224,'GC'),(115,'2011-06-01',1,225,'GC'),(116,'2011-06-01',1,226,'GC'),(117,'2011-06-01',1,227,'GC'),(118,'2011-06-01',1,228,'GC'),(119,'2011-06-01',1,229,'GC'),(120,'2011-06-01',1,230,'GC'),(121,'2011-06-01',1,231,'PC'),(122,'2011-06-01',1,232,'PC'),(123,'2011-06-01',1,233,'PC'),(124,'2011-06-01',1,112,'PC'),(125,'2011-06-01',1,234,'PC'),(126,'2011-06-01',1,235,'PC'),(127,'2011-06-01',1,236,'PC'),(128,'2011-06-01',1,237,'PC'),(129,'2011-06-01',1,238,'PC'),(130,'2011-06-01',1,239,'PC'),(131,'2011-06-01',1,240,'PC'),(132,'2011-06-01',1,241,'PC'),(133,'2011-06-01',1,242,'PC'),(134,'2011-06-01',1,243,'DM'),(135,'2011-06-01',1,244,'DM'),(136,'2011-06-01',1,245,'AHC2'),(137,'2011-06-01',1,246,'AHC2'),(138,'2011-06-01',1,133,'AHC2'),(139,'2011-06-01',1,244,'AHC2'),(140,'2011-06-01',1,247,'AHC2'),(141,'2011-06-01',1,248,'AHC1'),(142,'2011-06-01',1,246,'AHC1'),(143,'2011-06-01',1,249,'AHC1'),(144,'2011-06-01',1,235,'AHC1'),(145,'2011-06-01',1,250,'AHC1'),(146,'2011-06-01',1,251,'AHC1'),(147,'2011-06-01',1,252,'AHC1'),(148,'2011-06-01',1,253,'AHC1'),(149,'2011-06-01',1,254,'GL'),(150,'2011-06-01',1,216,'GL'),(151,'2011-06-01',1,255,'GL'),(152,'2011-06-01',1,256,'GL'),(153,'2011-06-01',1,257,'FIUS'),(154,'2011-06-01',1,144,'FIUS'),(155,'2011-06-01',1,258,'PC'),(156,'2011-06-01',1,259,'PC'),(157,'2011-06-01',1,260,'PC'),(158,'2011-06-01',1,261,'GPA'),(159,'2011-06-01',1,119,'GC'),(160,'2011-06-01',1,262,'GC'),(161,'2011-06-01',1,263,'GC'),(162,'2011-06-01',1,264,'GC'),(163,'2011-06-01',1,265,'GC'),(164,'2011-06-01',1,266,'GC'),(165,'2011-06-01',1,267,'GL'),(166,'2011-06-01',1,258,'RH'),(167,'2011-06-01',1,268,'RH'),(168,'2011-06-01',1,269,'RH'),(169,'2011-06-01',1,270,'GPA'),(170,'2011-06-01',1,271,'GPA'),(171,'2011-06-01',1,272,'GPA'),(172,'2011-06-01',1,220,'PGP'),(173,'2011-06-01',1,273,'PGP'),(174,'2011-06-01',1,220,'PC'),(175,'2011-06-01',1,273,'PC'),(176,'2011-06-01',0,216,'GL'),(177,'2011-06-01',0,255,'GL'),(178,'2011-06-01',0,156,'PG5'),(179,'2011-06-01',1,274,'ECS'),(180,'2011-06-01',1,275,'GC'),(181,'2011-06-01',1,240,'GC'),(182,'2011-06-01',1,242,'GC'),(183,'2011-06-01',0,120,'PC'),(184,'2011-06-01',1,275,'WUC'),(185,'2011-06-01',1,240,'WUC'),(186,'2011-06-01',1,242,'WUC'),(187,'2011-06-01',1,275,'EngineeringCenter'),(188,'2011-06-01',1,276,'PC'),(189,'2011-06-01',1,215,'RB'),(190,'2011-06-01',1,277,'RB'),(191,'2011-06-01',1,278,'GL'),(192,'2011-06-01',1,278,'GL'),(193,'2011-06-01',1,279,'CBC'),(194,'2011-06-01',1,280,'CBC'),(195,'2011-06-01',1,281,'CBC'),(196,'2011-06-01',0,279,'CBC'),(197,'2011-06-01',0,280,'CBC'),(198,'2011-06-01',1,282,'PG5'),(199,'2011-06-01',1,283,'BH1'),(200,'2011-06-01',1,284,'BH1'),(201,'2011-06-01',1,283,'LVN'),(202,'2011-06-01',1,284,'LVN'),(203,'2011-06-01',1,283,'LVS'),(204,'2011-06-01',1,284,'LVS'),(205,'2011-06-01',1,283,'EH'),(206,'2011-06-01',1,284,'EH'),(207,'2011-06-01',1,283,'PH'),(208,'2011-06-01',1,284,'PH'),(209,'2011-06-01',1,285,'PC'),(210,'2011-06-01',1,233,'PC'),(211,'2011-06-01',1,286,'PC'),(212,'2011-06-01',0,274,'ECS'),(213,'2011-06-01',0,144,'FIUS'),(214,'2011-06-01',1,287,'RDB'),(215,'2011-06-01',1,288,'RDB'),(216,'2011-06-01',1,289,'GPA'),(217,'2011-06-01',1,290,'PGB'),(218,'2011-06-01',1,282,'PGB'),(219,'2011-06-01',0,282,'PGB'),(220,'2011-06-01',0,278,'GL'),(221,'2011-06-01',1,119,'GL'),(222,'2011-06-01',1,119,'CBC'),(223,'2011-06-01',1,119,'PG5'),(224,'2011-06-01',1,162,'PG5'),(225,'2011-06-01',1,291,'GL'),(226,'2011-06-01',1,292,'GL'),(227,'2011-06-01',1,293,'GL'),(228,'2011-06-01',1,294,'WPAC'),(229,'2011-06-01',1,295,'WPAC'),(230,'2011-06-01',1,296,'WPAC'),(231,'2011-06-01',1,297,'WPAC'),(232,'2011-06-01',1,298,'WPAC'),(233,'2011-06-01',1,299,'W03'),(234,'2011-06-01',1,300,'W03'),(235,'2011-06-01',1,301,'WPAC'),(236,'2011-06-01',1,301,'PCA'),(237,'2011-06-01',1,217,'PPFAM'),(238,'2011-06-01',1,302,'PPFAM'),(239,'2011-06-01',0,302,'PPFAM'),(240,'2011-06-01',1,303,'PPFAM'),(241,'2011-06-01',1,304,'MARC'),(242,'2011-06-01',1,305,'MARC'),(243,'2011-06-01',1,306,'PC'),(244,'2011-06-01',1,217,'W01C'),(245,'2011-06-01',1,217,'AS'),(246,'2011-06-01',1,307,'CCLC'),(247,'2011-06-01',1,308,'CCLC'),(248,'2011-06-01',1,309,'CCLC'),(249,'2011-06-01',1,310,'ZEB'),(250,'2011-06-01',1,311,'S02'),(251,'2011-06-01',1,312,'GH1'),(252,'2011-06-01',1,312,'GH2'),(253,'2011-06-01',1,283,'UA11'),(254,'2011-06-01',1,284,'UA11'),(255,'2011-06-01',1,313,'UA11'),(256,'2011-06-01',1,282,'PGR'),(257,'2011-06-01',1,282,'PGG'),(258,'2011-06-01',1,282,'PGB'),(259,'2011-06-01',1,282,'PGP'),(260,'2011-06-01',1,314,'MARC'),(261,'2011-06-01',1,315,'MARC'),(262,'2011-06-01',1,314,'RB'),(263,'2011-06-01',1,315,'RB'),(264,'2011-06-01',1,249,'UHSC'),(265,'2011-06-01',1,316,'CU'),(266,'2011-06-01',1,317,'UHSC'),(267,'2011-06-01',1,283,'UT'),(268,'2011-06-01',1,284,'UT'),(269,'2011-06-01',1,215,'DC'),(270,'2011-06-01',1,240,'DC'),(271,'2011-06-01',1,318,'RC'),(272,'2011-06-01',1,211,'RC'),(273,'2011-06-01',1,319,''),(274,'2011-06-01',1,320,''),(275,'2011-06-01',1,321,'W10A'),(276,'2011-06-01',1,322,'W10A'),(277,'2011-06-01',1,214,'RDB'),(278,'2011-06-01',1,323,'RH'),(279,'2011-06-01',1,324,'PC'),(280,'2011-06-01',0,231,'PC'),(281,'2011-06-01',1,231,'PC'),(282,'2011-06-01',0,231,'PC'),(283,'2011-06-01',0,232,'PC'),(284,'2011-06-01',1,319,'SIPA'),(285,'2011-06-01',1,325,'GC'),(286,'2011-06-01',1,326,'GC'),(287,'2011-06-01',1,327,'GC'),(288,'2011-06-01',1,219,'GC'),(289,'2011-06-02',1,328,'UHSC'),(290,'2011-06-02',1,329,'UHSC'),(291,'2011-06-02',1,330,'UHSC'),(292,'2011-06-02',1,331,'UHSC'),(293,'2011-06-02',1,331,'WUC'),(294,'2011-06-02',0,267,'GL'),(295,'2011-06-02',1,332,'RC'),(296,'2011-06-02',0,332,'RC'),(297,'2011-06-02',1,142,'RC'),(298,'2011-06-02',1,333,'RC'),(299,'2011-06-02',1,327,'GL'),(300,'2011-06-02',1,334,'GL'),(301,'2011-06-02',1,335,'MARC'),(302,'2011-06-02',1,214,'LIB'),(303,'2011-06-03',1,231,'PC'),(304,'2011-06-03',1,232,'PC'),(305,'2011-06-03',1,336,'GC'),(306,'2011-06-03',1,222,'GC'),(307,'2011-06-03',1,150,'GC'),(308,'2011-06-03',1,152,'GC'),(309,'2011-06-03',1,337,'FIUS'),(310,'2011-06-03',1,338,'BBS'),(311,'2011-06-03',0,220,'GC'),(312,'2011-06-03',0,265,'GC'),(313,'2011-06-03',0,223,'GC'),(314,'2011-06-03',0,240,'GC'),(315,'2011-06-03',0,217,'GC'),(316,'2011-06-03',0,227,'GC'),(317,'2011-06-03',0,229,'GC'),(318,'2011-06-03',0,327,'GC'),(319,'2011-06-03',0,219,'GC'),(320,'2011-06-03',0,123,'GC'),(321,'2011-06-03',0,287,'RDB'),(322,'2011-06-03',0,230,'GC'),(323,'2011-06-03',0,262,'GC'),(324,'2011-06-03',0,140,'GC'),(325,'2011-06-03',1,339,'PGG'),(326,'2011-06-03',0,288,'RDB'),(327,'2011-06-03',1,340,'FIUS'),(328,'2011-06-03',1,341,'CFES'),(329,'2011-06-03',1,342,'PG5'),(330,'2011-06-03',1,343,'PG5'),(331,'2011-06-03',1,344,'OE'),(332,'2011-06-03',1,345,'OE'),(333,'2011-06-03',0,345,'OE'),(334,'2011-06-03',1,345,'OE'),(335,'2011-06-03',1,287,'RDB'),(336,'2011-06-04',0,344,'OE'),(337,'2011-06-04',0,345,'OE'),(338,'2011-06-04',0,340,'FIUS'),(339,'2011-06-04',1,346,'FIUS'),(340,'2011-06-04',1,227,'GC'),(341,'2011-06-04',1,229,'GC'),(342,'2011-06-04',1,219,'GC'),(343,'2011-06-04',1,265,'GC'),(344,'2011-06-04',1,223,'GC'),(345,'2011-06-04',1,222,'GC'),(346,'2011-06-04',1,126,'GC'),(347,'2011-06-04',1,123,'GC'),(348,'2011-06-04',1,230,'GC'),(349,'2011-06-04',1,347,'GC'),(350,'2011-06-04',1,348,'GC'),(351,'2011-06-04',1,262,'GC'),(352,'2011-06-04',1,140,'GC'),(353,'2011-06-04',0,343,'PG5'),(354,'2011-06-04',1,225,'PG5'),(355,'2011-06-04',1,225,'CBC'),(356,'2011-06-04',1,349,'W01'),(357,'2011-06-04',1,350,'W01'),(358,'2011-06-04',1,351,'W02'),(359,'2011-06-04',1,240,'W02'),(360,'2011-06-06',1,352,'AC2'),(361,'2011-06-06',1,353,'AC2'),(362,'2011-06-06',1,354,'AC2'),(363,'2011-06-06',1,350,'AC2'),(364,'2011-06-06',1,355,'AC2'),(365,'2011-06-06',1,356,'LIB'),(366,'2011-06-06',1,260,'LIB'),(367,'2011-06-06',1,357,'GL'),(368,'2011-06-06',1,256,'GL'),(369,'2011-06-06',1,358,'GL'),(370,'2011-06-06',1,217,'GL'),(371,'2011-06-06',1,359,'GL'),(372,'2011-06-06',1,360,'GL'),(373,'2011-06-06',1,361,'GL'),(374,'2011-06-06',1,286,'GL'),(375,'2011-06-06',1,363,'PC'),(376,'2011-06-06',1,256,'PC'),(377,'2011-06-06',0,164,'PC'),(378,'2011-06-06',1,364,'CSC'),(379,'2011-06-06',1,365,'GPA'),(380,'2011-06-06',1,366,'MARC'),(381,'2011-06-06',1,367,'PC'),(382,'2011-06-06',1,368,'GL'),(383,'2011-06-06',1,214,'GL'),(384,'2011-06-06',1,369,'RDB'),(385,'2011-06-06',0,369,'RDB'),(386,'2011-06-06',1,156,'PG5'),(387,'2011-06-06',1,370,'PG5'),(388,'2011-06-06',0,124,'GC'),(389,'2011-06-06',0,123,'GC'),(390,'2011-06-06',0,266,'GC'),(391,'2011-06-06',0,221,'GC'),(392,'2011-06-06',1,371,'GC'),(393,'2011-06-06',0,142,'GC'),(394,'2011-06-06',0,141,'GC'),(395,'2011-06-06',1,372,'GC'),(396,'2011-06-06',1,373,'GC'),(397,'2011-06-06',0,358,'GL'),(398,'2011-06-06',1,365,'GC'),(399,'2011-06-06',0,157,'PG5'),(400,'2011-06-06',1,374,'PGP'),(401,'2011-06-06',0,220,'PGP'),(402,'2011-06-06',0,273,'PGP'),(403,'2011-06-06',0,342,'PG5'),(404,'2011-06-06',0,225,'PG5'),(405,'2011-06-06',1,375,'PG5'),(406,'2011-06-06',1,225,'PG5'),(407,'2011-06-06',1,376,'PGG'),(408,'2011-06-06',0,341,'CFES'),(409,'2011-06-06',1,377,'RH'),(410,'2011-06-06',1,378,'RH'),(411,'2011-06-06',1,269,'RH'),(412,'2011-06-07',0,235,'PC'),(413,'2011-06-07',0,240,'PC'),(414,'2011-06-07',0,133,'ECS'),(415,'2011-06-07',0,132,'ECS'),(416,'2011-06-07',0,355,'AC2'),(417,'2011-06-07',1,379,'AC2'),(418,'2011-06-07',1,232,'AC2'),(419,'2011-06-07',0,231,'PC'),(420,'2011-06-07',0,256,'PC'),(421,'2011-06-07',1,374,'PC'),(422,'2011-06-07',0,273,'PC'),(423,'2011-06-07',0,220,'PC'),(424,'2011-06-07',0,375,'PG5'),(425,'2011-06-07',1,380,'GC'),(426,'2011-06-07',0,256,'GL'),(427,'2011-06-07',0,357,'GL'),(428,'2011-06-07',1,381,'GL'),(429,'2011-06-07',0,155,'PG5'),(430,'2011-06-07',0,154,'PG5'),(431,'2011-06-07',1,382,'PG5'),(432,'2011-06-07',1,383,'RC'),(433,'2011-06-07',1,384,'RC'),(434,'2011-06-07',1,385,'RC'),(435,'2011-06-07',1,386,'RC'),(436,'2011-06-07',1,387,'RC'),(437,'2011-06-07',1,388,'RC'),(438,'2011-06-07',1,389,'DC'),(439,'2011-06-07',1,390,'PG5'),(440,'2011-06-07',0,130,'RC'),(441,'2011-06-07',1,391,'VH'),(442,'2011-06-07',1,392,'VH'),(443,'2011-06-07',1,393,'VH'),(444,'2011-06-07',1,394,'VH'),(445,'2011-06-07',1,353,'VH'),(446,'2011-06-07',1,395,'VH'),(447,'2011-06-07',0,394,'VH'),(448,'2011-06-07',0,353,'VH'),(449,'2011-06-07',0,393,'VH'),(450,'2011-06-07',1,396,'VH'),(451,'2011-06-07',1,397,'PGP'),(452,'2011-06-07',1,398,'PGP'),(453,'2011-06-07',0,260,'PC'),(454,'2011-06-07',1,399,'DM'),(455,'2011-06-07',1,400,'DM'),(456,'2011-06-07',0,400,'DM'),(457,'2011-06-07',0,246,'AHC2'),(458,'2011-06-07',1,252,'AHC2'),(459,'2011-06-07',1,249,'AHC2'),(460,'2011-06-07',0,238,'PC'),(461,'2011-06-07',1,132,'GC'),(462,'2011-06-07',1,353,'GC'),(463,'2011-06-08',1,401,'PGB'),(464,'2011-06-08',1,282,'PGB'),(465,'2011-06-08',1,401,'PGB'),(466,'2011-06-08',1,402,'PGB'),(467,'2011-06-08',1,403,'RB'),(468,'2011-06-08',1,362,'GPA'),(469,'2011-06-08',1,404,'GPA'),(470,'2011-06-08',1,260,'PC'),(471,'2011-06-08',1,405,'PC'),(472,'2011-06-08',0,306,'PC'),(473,'2011-06-08',0,241,'PC'),(474,'2011-06-08',0,237,'PC'),(475,'2011-06-08',0,365,'GC'),(476,'2011-06-08',0,331,'WUC'),(477,'2011-06-08',0,380,'GC'),(478,'2011-06-08',0,150,'GC'),(479,'2011-06-09',1,406,'GC'),(480,'2011-06-09',1,150,'GC'),(481,'2011-06-09',0,282,'PG5'),(482,'2011-06-09',0,390,'PG5'),(483,'2011-06-09',0,160,'PG5'),(484,'2011-06-09',0,382,'PG5'),(485,'2011-06-09',1,407,'FIUS'),(486,'2011-06-09',0,362,'GPA'),(487,'2011-06-09',0,404,'GPA'),(488,'2011-06-09',0,162,'PG5'),(489,'2011-06-09',0,162,'PG5'),(490,'2011-06-10',1,408,'PG5'),(491,'2011-06-10',1,382,'PG5'),(492,'2011-06-10',1,390,'PG5'),(493,'2011-06-10',1,282,'PG5'),(494,'2011-06-10',1,162,'PG5'),(495,'2011-06-10',1,362,'GPA'),(496,'2011-06-10',0,398,'PGP'),(497,'2011-06-10',1,409,'EH'),(498,'2011-06-10',1,410,'EH'),(499,'2011-06-10',1,411,'EH'),(500,'2011-06-10',1,412,'PH'),(501,'2011-06-10',1,413,'GC'),(502,'2011-06-10',1,414,'GC'),(503,'2011-06-10',1,242,'GC'),(504,'2011-06-10',1,415,'GC'),(505,'2011-06-10',1,416,'GC'),(506,'2011-06-10',1,417,'GC'),(507,'2011-06-10',1,286,'WPAC'),(508,'2011-06-10',1,294,'WPAC'),(509,'2011-06-10',1,294,'WPAC'),(510,'2011-06-10',1,284,'UT'),(511,'2011-06-10',1,242,'UT'),(512,'2011-06-10',1,418,'UT'),(513,'2011-06-10',1,242,'UT'),(514,'2011-06-10',0,275,'EngineeringCenter'),(515,'2011-06-10',0,370,'PG5'),(516,'2011-06-10',1,419,'OE'),(517,'2011-06-10',1,242,'OE'),(518,'2011-06-10',0,242,'OE'),(519,'2011-06-10',1,420,'OE'),(520,'2011-06-11',0,225,'GC'),(521,'2011-06-11',0,224,'GC'),(522,'2011-06-11',0,275,'GC'),(523,'2011-06-11',0,327,'GL'),(524,'2011-06-11',1,390,'S02'),(525,'2011-06-11',0,389,'DC'),(526,'2011-06-11',0,418,'UT'),(527,'2011-06-11',0,402,'PGB'),(528,'2011-06-12',0,275,'WUC'),(529,'2011-06-12',0,248,'AHC1'),(530,'2011-06-12',0,246,'AHC1'),(531,'2011-06-12',0,253,'AHC1'),(532,'2011-06-12',0,152,'GC'),(533,'2011-06-12',0,150,'GC'),(534,'2011-06-12',0,309,'CCLC'),(535,'2011-06-12',0,308,'CCLC'),(536,'2011-06-13',0,347,'GC'),(537,'2011-06-13',0,348,'GC'),(538,'2011-06-13',1,421,'AC2'),(539,'2011-06-13',1,350,'AC2'),(540,'2011-06-13',1,357,'AC2'),(541,'2011-06-13',0,232,'PC'),(542,'2011-06-13',1,422,'AHC2'),(543,'2011-06-13',1,423,'AHC2'),(544,'2011-06-13',1,244,'AHC2'),(545,'2011-06-13',1,252,'AHC2'),(546,'2011-06-13',1,249,'AHC2'),(547,'2011-06-13',1,424,'DM'),(548,'2011-06-14',1,425,'KCC'),(549,'2011-06-14',1,426,'KCC'),(550,'2011-06-14',1,427,'KCC'),(551,'2011-06-14',1,379,'HM'),(552,'2011-06-14',1,428,'HM'),(553,'2011-06-14',0,379,'HM'),(554,'2011-06-14',1,369,'GC'),(555,'2011-06-14',0,369,'GC'),(556,'2011-06-14',1,116,'PGG'),(557,'2011-06-14',0,116,'PGG'),(558,'2011-06-14',0,376,'PGG'),(559,'2011-06-14',0,243,'DM'),(560,'2011-06-14',0,131,'DM'),(561,'2011-06-14',0,424,'DM'),(562,'2011-06-14',0,399,'DM'),(563,'2011-06-14',0,244,'DM'),(564,'2011-06-14',0,112,'PC'),(565,'2011-06-15',1,112,'PC'),(566,'2011-06-15',1,220,'RC'),(567,'2011-06-15',1,429,'RC'),(568,'2011-06-15',0,384,'RC'),(569,'2011-06-15',1,126,'GC'),(570,'2011-06-15',1,127,'GC'),(571,'2011-06-15',1,347,'GC'),(572,'2011-06-15',1,348,'GC'),(573,'2011-06-15',1,150,'GC'),(574,'2011-06-15',1,152,'GC'),(575,'2011-06-15',1,141,'GC'),(576,'2011-06-15',1,142,'GC'),(577,'2011-06-15',0,219,'GC'),(578,'2011-06-15',1,123,'GC'),(579,'2011-06-15',1,124,'GC'),(580,'2011-06-15',0,140,'GC'),(581,'2011-06-15',0,262,'GC'),(582,'2011-06-15',0,406,'GC'),(583,'2011-06-15',0,371,'GC'),(584,'2011-06-15',1,379,'GC'),(585,'2011-06-15',1,251,'GC'),(586,'2011-06-15',1,430,'GC'),(587,'2011-06-15',0,264,'GC'),(588,'2011-06-15',0,263,'GC'),(589,'2011-06-15',1,431,'GL'),(590,'2011-06-15',1,358,'GL'),(591,'2011-06-15',0,381,'GL'),(592,'2011-06-15',1,432,'PC'),(593,'2011-06-15',1,433,'PC'),(594,'2011-06-15',1,237,'PC'),(595,'2011-06-15',1,238,'PC'),(596,'2011-06-15',1,231,'PC'),(597,'2011-06-15',1,232,'PC'),(598,'2011-06-15',0,324,'PC'),(599,'2011-06-15',1,434,'PC'),(600,'2011-06-15',1,433,'PC'),(601,'2011-06-15',1,220,'PC'),(602,'2011-06-15',1,273,'PC'),(603,'2011-06-15',0,367,'PC'),(604,'2011-06-15',0,374,'PC'),(605,'2011-06-15',0,276,'PC'),(606,'2011-06-15',0,405,'PC'),(607,'2011-06-15',1,154,'PG5'),(608,'2011-06-15',1,155,'PG5'),(609,'2011-06-15',1,160,'PG5'),(610,'2011-06-15',1,161,'PG5'),(611,'2011-06-15',0,408,'PG5'),(612,'2011-06-15',0,382,'PG5'),(613,'2011-06-15',1,220,'PGP'),(614,'2011-06-15',1,273,'PGP'),(615,'2011-06-15',0,374,'PGP'),(616,'2011-06-15',1,435,'GPA'),(617,'2011-06-15',1,220,'GPA'),(618,'2011-06-15',1,270,'GPA'),(619,'2011-06-15',0,289,'GPA'),(620,'2011-06-15',1,393,'VH'),(621,'2011-06-15',1,394,'VH'),(622,'2011-06-15',1,353,'VH'),(623,'2011-06-15',0,395,'VH'),(624,'2011-06-15',1,436,'VH'),(625,'2011-06-15',1,353,'VH'),(626,'2011-06-15',0,392,'VH'),(627,'2011-06-15',0,237,'PC'),(628,'2011-06-15',1,237,'PC'),(629,'2011-06-15',1,238,'PC'),(630,'2011-06-15',1,311,'GL'),(631,'2011-06-15',1,285,'GL'),(632,'2011-06-15',1,402,'GL'),(633,'2011-06-15',1,311,'GL'),(634,'2011-06-15',0,215,'DC'),(635,'2011-06-15',0,240,'DC'),(636,'2011-06-15',0,200,'DC'),(637,'2011-06-15',0,138,'FIUS'),(638,'2011-06-15',0,211,'FIUS'),(639,'2011-06-15',1,437,'PC'),(640,'2011-06-16',0,428,'HM'),(641,'2011-06-16',1,225,'GC'),(642,'2011-06-16',1,225,'GL'),(643,'2011-06-16',0,237,'PC'),(644,'2011-06-16',0,259,'PC'),(645,'2011-06-16',0,242,'PC'),(646,'2011-06-17',0,156,'PG5'),(647,'2011-06-17',0,416,'GC'),(648,'2011-06-17',0,251,'GC'),(649,'2011-06-18',1,156,'PG5'),(650,'2011-06-19',1,438,'UA10'),(651,'2011-06-20',1,439,'DTC'),(652,'2011-06-20',1,256,'DTC'),(653,'2011-06-20',1,440,'TPC'),(654,'2011-06-20',1,441,'GL'),(655,'2011-06-20',1,305,'GL'),(656,'2011-06-20',1,442,'GL'),(657,'2011-06-20',0,126,'GC'),(658,'2011-06-20',0,329,'UHSC'),(659,'2011-06-21',0,225,'CBC'),(660,'2011-06-21',0,363,'PC'),(661,'2011-06-21',0,352,'AC2'),(662,'2011-06-21',0,354,'AC2'),(663,'2011-06-22',0,245,'AHC2'),(664,'2011-06-23',1,443,'DM'),(665,'2011-06-23',0,215,'CBC'),(666,'2011-06-23',0,347,'GC'),(667,'2011-06-23',0,420,'OE'),(668,'2011-06-23',0,419,'OE'),(669,'2011-06-23',1,444,'PCA'),(670,'2011-06-23',1,445,'PCA'),(671,'2011-06-23',1,446,'PCA'),(672,'2011-06-24',0,445,'PCA'),(673,'2011-06-24',0,444,'PCA'),(674,'2011-06-24',1,447,'CBC'),(675,'2011-06-24',1,447,'RC'),(676,'2011-06-24',1,447,'GPA'),(677,'2011-06-25',0,214,'GL'),(678,'2011-06-25',0,156,'PG5'),(679,'2011-06-25',0,134,'PG5'),(680,'2011-06-25',0,119,'PG5'),(681,'2011-06-26',1,448,'DM'),(682,'2011-06-26',1,449,'DM'),(683,'2011-06-26',1,450,'ECS'),(684,'2011-06-26',1,451,'ECS'),(685,'2011-06-26',0,450,'ECS'),(686,'2011-06-26',0,451,'ECS'),(687,'2011-06-26',1,452,'ECS'),(688,'2011-06-26',0,449,'DM'),(689,'2011-06-26',0,452,'ECS'),(690,'2011-06-26',0,435,'GPA'),(691,'2011-06-26',0,220,'GPA'),(692,'2011-06-26',1,453,'PGR'),(693,'2011-06-26',0,272,'GPA'),(694,'2011-06-26',1,246,'AHC1'),(695,'2011-06-26',0,161,'PG5'),(696,'2011-06-26',0,159,'PG5'),(697,'2011-06-26',0,158,'PG5'),(698,'2011-06-26',0,225,'PG5'),(699,'2011-06-26',1,449,'AHC3'),(700,'2011-06-26',0,281,'CBC'),(701,'2011-06-26',0,449,'AHC3'),(702,'2011-06-26',1,454,'OE'),(703,'2011-06-26',1,449,'OE'),(704,'2011-06-26',0,454,'OE'),(705,'2011-06-26',0,449,'OE'),(706,'2011-06-26',0,282,'PG5'),(707,'2011-06-27',1,455,'ECS'),(708,'2011-06-27',1,449,'AHC2'),(709,'2011-06-27',1,456,'EH'),(710,'2011-06-27',1,457,'PG5'),(711,'2011-06-27',1,458,'PG5'),(712,'2011-06-27',1,134,'PG5'),(713,'2011-06-27',1,119,'PG5'),(714,'2011-06-27',1,158,'PG5'),(715,'2011-06-27',1,159,'PG5'),(716,'2011-06-27',1,272,'GPA'),(717,'2011-06-27',1,282,'PG5'),(718,'2011-06-27',0,238,'PC'),(719,'2011-06-27',0,234,'PC'),(720,'2011-06-27',0,239,'PC'),(721,'2011-06-27',0,285,'PC'),(722,'2011-06-27',0,437,'PC'),(723,'2011-06-27',0,286,'PC'),(724,'2011-06-27',0,232,'PC'),(725,'2011-06-27',0,273,'PC'),(726,'2011-06-27',0,231,'PC'),(727,'2011-06-27',1,459,'ZEB'),(728,'2011-06-27',1,449,'ZEB'),(729,'2011-06-27',0,385,'RC'),(730,'2011-06-27',0,447,'RC'),(731,'2011-06-27',0,393,'VH'),(732,'2011-06-27',0,106,'VH'),(733,'2011-06-27',0,394,'VH'),(734,'2011-06-27',0,396,'VH'),(735,'2011-06-27',0,391,'VH'),(736,'2011-06-27',0,105,'VH'),(737,'2011-06-27',0,436,'VH'),(738,'2011-06-27',0,353,'VH'),(739,'2011-06-27',0,447,'CBC'),(740,'2011-06-27',0,283,'UA11'),(741,'2011-06-27',0,449,'AHC2'),(742,'2011-06-27',1,460,'ECS'),(743,'2011-06-27',1,461,'ECS'),(744,'2011-06-27',0,251,'AHC1'),(745,'2011-06-27',0,249,'AHC1'),(746,'2011-06-27',0,246,'AHC1'),(747,'2011-06-27',0,252,'AHC1'),(748,'2011-06-27',0,235,'AHC1'),(749,'2011-06-27',0,250,'AHC1'),(750,'2011-06-27',0,162,'PG5'),(751,'2011-06-27',0,154,'PG5'),(752,'2011-06-27',0,159,'PG5'),(753,'2011-06-27',0,290,'PGB'),(754,'2011-06-27',0,401,'PGB'),(755,'2011-06-28',0,458,'PG5'),(756,'2011-06-28',0,155,'PG5'),(757,'2011-06-28',0,282,'PG5'),(758,'2011-06-28',0,390,'PG5'),(759,'2011-06-28',0,160,'PG5'),(760,'2011-06-28',0,158,'PG5'),(761,'2011-06-28',0,119,'PG5'),(762,'2011-06-28',0,134,'PG5'),(763,'2011-06-28',0,457,'PG5'),(764,'2011-06-28',1,158,'PG5'),(765,'2011-06-28',1,159,'PG5'),(766,'2011-06-28',1,225,'PG5'),(767,'2011-06-28',1,134,'PG5'),(768,'2011-06-28',1,462,'PG5'),(769,'2011-06-28',1,447,'CBC'),(770,'2011-06-28',1,463,'CBC'),(771,'2011-06-28',1,463,'RC'),(772,'2011-06-28',1,447,'RC'),(773,'2011-06-28',1,463,'WUC'),(774,'2011-06-28',1,447,'WUC'),(775,'2011-06-28',0,159,'PG5'),(776,'2011-06-28',0,158,'PG5'),(777,'2011-06-28',0,440,'TPC'),(778,'2011-06-29',1,464,'GH2'),(779,'2011-06-29',1,465,'GH2'),(780,'2011-06-29',1,466,'GH2'),(781,'2011-06-29',1,467,'GH2'),(782,'2011-06-29',1,468,'PG5'),(783,'2011-06-29',1,159,'PG5'),(784,'2011-06-29',0,468,'PG5'),(785,'2011-06-29',1,119,'PG5'),(786,'2011-06-29',0,112,'PC'),(787,'2011-06-29',0,449,'ZEB'),(788,'2011-06-29',0,459,'ZEB'),(789,'2011-06-29',0,310,'ZEB'),(790,'2011-06-29',0,236,'PC'),(791,'2011-06-29',1,390,'PG5'),(792,'2011-06-29',1,158,'PG5'),(793,'2011-06-29',1,162,'PG5'),(794,'2011-06-29',1,154,'PG5'),(795,'2011-06-29',1,155,'PG5'),(796,'2011-06-29',1,160,'PG5'),(797,'2011-06-29',1,161,'PG5'),(798,'2011-06-29',1,231,'PC'),(799,'2011-06-29',1,232,'PC'),(800,'2011-06-29',1,239,'PC'),(801,'2011-06-29',1,237,'PC'),(802,'2011-06-29',1,238,'PC'),(803,'2011-06-29',1,236,'PC'),(804,'2011-06-29',1,112,'PC'),(805,'2011-06-29',0,134,'PG5'),(806,'2011-06-29',0,119,'PG5'),(807,'2011-06-29',0,161,'PG5'),(808,'2011-06-29',0,317,'UHSC'),(809,'2011-06-29',1,469,'GC'),(810,'2011-06-29',1,470,'GC'),(811,'2011-06-29',0,469,'GC'),(812,'2011-06-29',0,470,'GC'),(813,'2011-06-29',1,471,'GC'),(814,'2011-06-29',1,472,'GH2'),(815,'2011-06-29',1,473,'GH2'),(816,'2011-06-29',1,474,'GH2'),(817,'2011-06-29',1,475,'GH2'),(818,'2011-06-29',1,476,'GH2'),(819,'2011-06-29',1,477,'GH2'),(820,'2011-06-29',1,478,'GH2'),(821,'2011-06-29',1,128,'UT'),(822,'2011-06-29',1,479,'UT'),(823,'2011-06-29',1,480,'UT'),(824,'2011-06-29',1,475,'UT'),(825,'2011-06-29',0,480,'UT'),(826,'2011-06-29',0,128,'UT'),(827,'2011-06-29',0,479,'UT'),(828,'2011-06-29',1,480,'GH2'),(829,'2011-06-29',0,466,'GH2'),(830,'2011-06-29',1,481,'GH2'),(831,'2011-06-29',1,482,'GH1'),(832,'2011-06-29',1,137,'GH1'),(833,'2011-06-29',0,312,'GH2'),(834,'2011-06-29',1,483,'GH2'),(835,'2011-06-29',1,484,'GH2'),(836,'2011-06-29',1,485,'GH1'),(837,'2011-06-29',0,482,'GH1'),(838,'2011-06-29',0,137,'GH1'),(839,'2011-06-29',1,486,'GH1'),(840,'2011-06-29',1,487,'RH'),(841,'2011-06-29',0,292,'GL'),(842,'2011-06-30',1,488,'DM'),(843,'2011-06-30',1,235,'DM'),(844,'2011-06-30',1,489,'DM'),(845,'2011-06-30',1,454,'DM'),(846,'2011-06-30',1,490,'DM'),(847,'2011-06-30',1,243,'DM'),(848,'2011-06-30',0,467,'GH2'),(849,'2011-06-30',0,483,'GH2'),(850,'2011-06-30',0,475,'GH2'),(851,'2011-06-30',0,476,'GH2'),(852,'2011-06-30',0,464,'GH2'),(853,'2011-06-30',0,481,'GH2'),(854,'2011-06-30',0,480,'GH2'),(855,'2011-06-30',0,477,'GH2'),(856,'2011-06-30',0,484,'GH2'),(857,'2011-06-30',0,465,'GH2'),(858,'2011-06-30',0,473,'GH2'),(859,'2011-06-30',0,478,'GH2'),(860,'2011-06-30',0,485,'GH1'),(861,'2011-06-30',1,491,'GH1'),(862,'2011-06-30',0,471,'GC'),(863,'2011-06-30',0,487,'RH'),(864,'2011-06-30',1,310,'ZEB'),(865,'2011-07-01',1,492,'CSC'),(866,'2011-07-01',1,493,'CSC'),(867,'2011-07-01',0,493,'CSC'),(868,'2011-07-01',0,242,'GC'),(869,'2011-07-01',0,127,'GC'),(870,'2011-07-04',0,123,'GC'),(871,'2011-07-05',0,254,'GL'),(872,'2011-07-05',0,364,'CSC'),(873,'2011-07-05',1,200,'DC'),(874,'2011-07-05',1,494,'PGG'),(875,'2011-07-05',1,494,'PGG'),(876,'2011-07-05',1,495,'AHC3'),(877,'2011-07-06',0,379,'GC'),(878,'2011-07-06',0,228,'GC'),(879,'2011-07-06',1,285,'UHSC'),(880,'2011-07-06',1,249,'UHSC'),(881,'2011-07-06',1,496,'UHSC'),(882,'2011-07-06',1,497,'UHSC'),(883,'2011-07-06',1,498,'UHSC'),(884,'2011-07-06',0,498,'UHSC'),(885,'2011-07-06',0,443,'DM'),(886,'2011-07-06',0,488,'DM'),(887,'2011-07-07',1,499,'PG5'),(888,'2011-07-07',1,500,'PG5'),(889,'2011-07-07',1,501,'PG5'),(890,'2011-07-07',0,499,'PG5'),(891,'2011-07-07',0,500,'PG5'),(892,'2011-07-07',0,501,'PG5'),(893,'2011-07-07',1,317,'PG5'),(894,'2011-07-07',1,502,'PG5'),(895,'2011-07-07',1,501,'PG5'),(896,'2011-07-07',1,500,'PG5'),(897,'2011-07-07',1,499,'PG5'),(898,'2011-07-07',1,503,'PG5'),(899,'2011-07-07',0,287,'RDB'),(900,'2011-07-07',0,298,'WPAC'),(901,'2011-07-07',0,294,'WPAC'),(902,'2011-07-07',0,297,'WPAC'),(903,'2011-07-07',0,295,'WPAC'),(904,'2011-07-07',0,235,'DM'),(905,'2011-07-07',0,282,'PGG'),(906,'2011-07-08',0,489,'DM'),(907,'2011-07-08',0,454,'DM'),(908,'2011-07-08',0,243,'DM'),(909,'2011-07-08',0,490,'DM'),(910,'2011-07-08',0,448,'DM'),(911,'2011-07-09',0,426,'KCC'),(912,'2011-07-09',0,425,'KCC'),(913,'2011-07-09',0,427,'KCC'),(914,'2011-07-11',0,119,'GL'),(915,'2011-07-11',0,497,'UHSC'),(916,'2011-07-12',1,504,'ZEB'),(917,'2011-07-12',0,119,'CBC'),(918,'2011-07-12',0,311,'S02'),(919,'2011-07-12',1,505,'PC'),(920,'2011-07-12',1,506,'PC'),(921,'2011-07-12',1,507,'GPA'),(922,'2011-07-12',1,508,'GPA'),(923,'2011-07-13',0,284,'UA11'),(924,'2011-07-13',1,242,'PGP'),(925,'2011-07-13',1,285,'PGP'),(926,'2011-07-13',1,509,'PGP'),(927,'2011-07-13',0,397,'PGP'),(928,'2011-07-13',0,463,'CBC'),(929,'2011-07-13',0,447,'CBC'),(930,'2011-07-13',0,233,'PC'),(931,'2011-07-13',0,231,'PC'),(932,'2011-07-13',0,237,'PC'),(933,'2011-07-13',0,244,'AHC2'),(934,'2011-07-13',0,249,'AHC2'),(935,'2011-07-13',0,317,'PG5'),(936,'2011-07-14',0,256,'DTC'),(937,'2011-07-14',0,439,'DTC'),(938,'2011-07-14',1,495,'AHC3'),(939,'2011-07-14',0,390,'PG5'),(940,'2011-07-15',1,447,'CBC'),(941,'2011-07-15',1,463,'CBC'),(942,'2011-07-15',0,462,'PG5'),(943,'2011-07-16',0,242,'WUC'),(944,'2011-07-16',0,463,'WUC'),(945,'2011-07-16',0,447,'WUC'),(946,'2011-07-16',0,240,'WUC'),(947,'2011-07-16',0,283,'BH1'),(948,'2011-07-18',1,510,'ZEB'),(949,'2011-07-18',1,310,'ZEB'),(950,'2011-07-18',1,511,'ZEB'),(951,'2011-07-18',1,512,'PC'),(952,'2011-07-18',1,513,'PC'),(953,'2011-07-18',1,514,'PC'),(954,'2011-07-18',0,510,'ZEB'),(955,'2011-07-18',0,314,'RB'),(956,'2011-07-18',0,331,'UHSC'),(957,'2011-07-19',1,515,'AHC1'),(958,'2011-07-19',1,516,'AHC1'),(959,'2011-07-19',1,517,'PGG'),(960,'2011-07-19',1,518,'PGG'),(961,'2011-07-19',1,519,'PGG'),(962,'2011-07-19',1,520,'WUC'),(963,'2011-07-19',1,220,'WUC'),(964,'2011-07-19',1,221,'WUC'),(965,'2011-07-19',1,517,'WUC'),(966,'2011-07-19',1,519,'WUC'),(967,'2011-07-19',1,221,'PGG'),(968,'2011-07-19',1,518,'PG5'),(969,'2011-07-19',1,517,'PG5'),(970,'2011-07-19',1,518,'GL'),(971,'2011-07-19',1,517,'GL'),(972,'2011-07-19',1,518,'UT'),(973,'2011-07-19',1,517,'UT'),(974,'2011-07-19',1,518,'RDB'),(975,'2011-07-19',1,517,'RDB'),(976,'2011-07-19',1,521,'RDB'),(977,'2011-07-19',1,521,'UT'),(978,'2011-07-19',1,521,'PG5'),(979,'2011-07-19',1,521,'GL'),(980,'2011-07-19',1,521,'GC'),(981,'2011-07-19',1,521,'PGG'),(982,'2011-07-19',0,455,'ECS'),(983,'2011-07-19',0,461,'ECS'),(984,'2011-07-19',0,460,'ECS'),(985,'2011-07-20',0,159,'PG5'),(986,'2011-07-20',0,158,'PG5'),(987,'2011-07-20',1,244,'RB'),(988,'2011-07-20',1,215,'RB'),(989,'2011-07-20',0,249,'UHSC'),(990,'2011-07-21',1,522,'AHC1'),(991,'2011-07-21',1,168,'AHC1'),(992,'2011-07-21',1,523,'AHC1'),(993,'2011-07-21',1,495,'AHC1'),(994,'2011-07-21',1,168,'AHC1'),(995,'2011-07-21',1,524,'RC'),(996,'2011-07-21',1,525,'RC'),(997,'2011-07-23',0,338,'BBS'),(998,'2011-07-23',0,220,'PC'),(999,'2011-07-23',0,433,'PC'),(1000,'2011-07-23',0,133,'AHC2'),(1001,'2011-07-24',0,238,'PC'),(1002,'2011-07-25',1,526,'GH2'),(1003,'2011-07-25',1,527,'GH2'),(1004,'2011-07-25',1,528,'GH2'),(1005,'2011-07-25',1,452,'LVS'),(1006,'2011-07-25',0,216,'GC'),(1007,'2011-07-25',0,225,'GC'),(1008,'2011-07-25',0,226,'GC'),(1009,'2011-07-25',0,218,'GC'),(1010,'2011-07-25',0,153,'GC'),(1011,'2011-07-25',0,325,'GC'),(1012,'2011-07-25',0,119,'GC'),(1013,'2011-07-25',1,319,'SIPA'),(1014,'2011-07-25',1,514,'GC'),(1015,'2011-07-25',1,529,'GC'),(1016,'2011-07-25',1,530,'GC'),(1017,'2011-07-25',1,531,'GC'),(1018,'2011-07-26',0,527,'GH2'),(1019,'2011-07-26',0,474,'GH2'),(1020,'2011-07-26',0,528,'GH2'),(1021,'2011-07-26',0,526,'GH2'),(1022,'2011-07-26',0,486,'GH1'),(1023,'2011-07-26',1,312,'GH2'),(1024,'2011-07-26',1,364,'CSC'),(1025,'2011-07-26',0,336,'GC'),(1026,'2011-07-26',1,181,'CP'),(1027,'2011-07-26',0,431,'GL'),(1028,'2011-07-26',0,334,'GL'),(1029,'2011-07-27',0,513,'PC'),(1030,'2011-07-27',0,505,'PC'),(1031,'2011-07-27',0,463,'CBC'),(1032,'2011-07-27',0,506,'PC'),(1033,'2011-07-27',0,312,'GH2'),(1034,'2011-07-27',0,472,'GH2'),(1035,'2011-07-27',1,480,'GH2'),(1036,'2011-07-27',1,469,'GC'),(1037,'2011-07-27',1,532,'GC'),(1038,'2011-07-27',1,533,'GC'),(1039,'2011-07-27',1,483,'GC'),(1040,'2011-07-27',1,269,'GC'),(1041,'2011-07-27',0,469,'GC'),(1042,'2011-07-27',0,483,'GC'),(1043,'2011-07-27',0,532,'GC'),(1044,'2011-07-27',0,533,'GC'),(1045,'2011-07-27',1,534,'GC'),(1046,'2011-07-27',0,312,'GH1'),(1047,'2011-07-27',1,535,'GH1'),(1048,'2011-07-27',1,536,'GH1'),(1049,'2011-07-27',0,501,'PG5'),(1050,'2011-07-27',1,537,'PG5'),(1051,'2011-07-27',1,538,'CBC'),(1052,'2011-07-27',0,538,'CBC'),(1053,'2011-07-27',1,539,'GPA'),(1054,'2011-07-27',1,540,'FIUS'),(1055,'2011-07-27',1,541,'RC'),(1056,'2011-07-28',0,537,'PG5'),(1057,'2011-07-28',0,539,'GPA'),(1058,'2011-07-28',0,541,'RC'),(1059,'2011-07-28',0,364,'CSC'),(1060,'2011-07-28',0,480,'GH2'),(1061,'2011-07-28',0,534,'GC'),(1062,'2011-07-28',0,530,'GC'),(1063,'2011-07-28',0,531,'GC'),(1064,'2011-07-28',0,529,'GC'),(1065,'2011-07-28',0,260,'PC'),(1066,'2011-07-28',0,508,'GPA'),(1067,'2011-07-28',0,514,'PC'),(1068,'2011-07-28',1,389,'DC'),(1069,'2011-07-29',0,499,'PG5'),(1070,'2011-07-29',1,542,'GC'),(1071,'2011-07-29',1,543,'GC'),(1072,'2011-07-29',1,544,'GC'),(1073,'2011-07-29',0,225,'GL'),(1074,'2011-07-29',1,225,'GL'),(1075,'2011-07-29',0,365,'GPA'),(1076,'2011-07-29',0,181,'CP'),(1077,'2011-07-30',0,225,'PG5'),(1078,'2011-07-30',0,500,'PG5'),(1079,'2011-07-30',1,545,'CP'),(1080,'2011-07-31',0,319,'SIPA'),(1081,'2011-08-01',0,429,'RC'),(1082,'2011-08-01',0,314,'MARC'),(1083,'2011-08-01',0,366,'MARC'),(1084,'2011-08-01',0,316,'CU'),(1085,'2011-08-01',0,446,'PCA'),(1086,'2011-08-01',0,301,'PCA'),(1087,'2011-08-02',0,407,'FIUS'),(1088,'2011-08-02',1,435,'GPA'),(1089,'2011-08-02',1,220,'GPA'),(1090,'2011-08-02',1,270,'GPA'),(1091,'2011-08-02',0,360,'GL'),(1092,'2011-08-02',0,361,'GL'),(1093,'2011-08-03',0,282,'PGR'),(1094,'2011-08-03',0,453,'PGR'),(1095,'2011-08-03',0,244,'RB'),(1096,'2011-08-03',0,315,'RB'),(1097,'2011-08-03',1,546,'OE'),(1098,'2011-08-03',0,414,'GC'),(1099,'2011-08-04',0,415,'GC'),(1100,'2011-08-04',0,373,'GC'),(1101,'2011-08-04',1,547,'CP'),(1102,'2011-08-04',1,548,'CP'),(1103,'2011-08-04',0,522,'AHC1'),(1104,'2011-08-04',0,523,'AHC1'),(1105,'2011-08-04',1,549,'PCA'),(1106,'2011-08-04',0,328,'UHSC'),(1107,'2011-08-04',0,112,'PC'),(1108,'2011-08-04',0,239,'PC'),(1109,'2011-08-04',0,432,'PC'),(1110,'2011-08-04',0,434,'PC'),(1111,'2011-08-04',0,258,'PC'),(1112,'2011-08-04',0,258,'PC'),(1113,'2011-08-04',0,258,'PC'),(1114,'2011-08-04',0,512,'PC'),(1115,'2011-08-04',0,236,'PC'),(1116,'2011-08-04',0,232,'PC'),(1117,'2011-08-04',0,229,'GC'),(1118,'2011-08-04',0,227,'GC'),(1119,'2011-08-04',0,542,'GC'),(1120,'2011-08-04',0,230,'GC'),(1121,'2011-08-04',0,543,'GC'),(1122,'2011-08-04',1,550,'GC'),(1123,'2011-08-04',0,168,'AHC1'),(1124,'2011-08-04',0,515,'AHC1'),(1125,'2011-08-04',1,551,'AHC2'),(1126,'2011-08-04',0,447,'CBC'),(1127,'2011-08-04',0,447,'CBC'),(1128,'2011-08-06',0,283,'PH'),(1129,'2011-08-07',0,421,'AC2'),(1130,'2011-08-07',0,357,'AC2'),(1131,'2011-08-07',0,353,'AC2'),(1132,'2011-08-07',0,514,'GC'),(1133,'2011-08-07',1,514,'GC'),(1134,'2011-08-08',0,225,'GL'),(1135,'2011-08-08',0,310,'ZEB'),(1136,'2011-08-08',0,232,'AC2'),(1137,'2011-08-08',0,348,'GC'),(1138,'2011-08-08',0,282,'PGB'),(1139,'2011-08-09',1,552,'VH'),(1140,'2011-08-09',1,553,'VH'),(1141,'2011-08-09',1,554,'VH'),(1142,'2011-08-09',0,553,'VH'),(1143,'2011-08-09',0,552,'VH'),(1144,'2011-08-09',0,554,'VH'),(1145,'2011-08-09',1,555,'VH'),(1146,'2011-08-09',1,556,'GL'),(1147,'2011-08-09',1,557,'AHC3'),(1148,'2011-08-09',1,558,'OE'),(1149,'2011-08-09',1,559,'PC'),(1150,'2011-08-09',1,560,'PCA'),(1151,'2011-08-09',1,561,'SIPA'),(1152,'2011-08-09',0,556,'GL'),(1153,'2011-08-09',0,560,'PCA'),(1154,'2011-08-09',0,557,'AHC3'),(1155,'2011-08-09',0,561,'SIPA'),(1156,'2011-08-09',0,558,'OE'),(1157,'2011-08-09',0,555,'VH'),(1158,'2011-08-09',0,559,'PC'),(1159,'2011-08-09',0,551,'AHC2'),(1160,'2011-08-09',0,252,'AHC2'),(1161,'2011-08-09',0,129,'RC'),(1162,'2011-08-09',0,270,'GPA'),(1163,'2011-08-09',1,562,'CSC'),(1164,'2011-08-09',1,563,'CSC'),(1165,'2011-08-11',0,546,'OE'),(1166,'2011-08-11',0,507,'GPA'),(1167,'2011-08-11',0,417,'GC'),(1168,'2011-08-11',0,265,'GC'),(1169,'2011-08-11',0,521,'GC'),(1170,'2011-08-11',0,142,'GC'),(1171,'2011-08-11',0,223,'GC'),(1172,'2011-08-11',0,222,'GC'),(1173,'2011-08-11',0,326,'GC'),(1174,'2011-08-11',0,141,'GC'),(1175,'2011-08-11',0,221,'PGG'),(1176,'2011-08-11',0,125,'GL'),(1177,'2011-08-12',0,282,'PGP'),(1178,'2011-08-12',0,549,'PCA'),(1179,'2011-08-15',0,261,'GPA'),(1180,'2011-08-15',0,240,'W02'),(1181,'2011-08-15',0,351,'W02'),(1182,'2011-08-15',0,518,'PG5'),(1183,'2011-08-15',1,564,'CSC'),(1184,'2011-08-15',1,565,'CSC'),(1185,'2011-08-15',1,566,'CSC'),(1186,'2011-08-15',1,567,'CSC'),(1187,'2011-08-15',1,505,'PCA'),(1188,'2011-08-15',1,568,'PCA'),(1189,'2011-08-15',1,569,'PCA'),(1190,'2011-08-15',1,570,'AHC2'),(1191,'2011-08-15',1,571,'AHC2'),(1192,'2011-08-15',1,572,'AHC2'),(1193,'2011-08-15',1,573,'PC'),(1194,'2011-08-15',1,574,'PC'),(1195,'2011-08-15',1,575,'PC'),(1196,'2011-08-15',0,503,'PG5'),(1197,'2011-08-16',0,242,'UT'),(1198,'2011-08-16',0,518,'UT'),(1199,'2011-08-16',0,564,'CSC'),(1200,'2011-08-16',0,566,'CSC'),(1201,'2011-08-16',0,565,'CSC'),(1202,'2011-08-16',0,563,'CSC'),(1203,'2011-08-16',0,562,'CSC'),(1204,'2011-08-16',0,567,'CSC'),(1205,'2011-08-16',0,568,'PCA'),(1206,'2011-08-16',0,569,'PCA'),(1207,'2011-08-16',0,571,'AHC2'),(1208,'2011-08-16',0,572,'AHC2'),(1209,'2011-08-16',0,574,'PC'),(1210,'2011-08-16',0,575,'PC'),(1211,'2011-08-16',1,576,'UHSC'),(1212,'2011-08-16',0,492,'CSC'),(1213,'2011-08-16',0,359,'GL'),(1214,'2011-08-16',0,242,'PGP'),(1215,'2011-08-17',0,413,'GC'),(1216,'2011-08-17',0,372,'GC'),(1217,'2011-08-17',0,502,'PG5'),(1218,'2011-08-17',1,577,'CP'),(1219,'2011-08-17',1,578,'CP'),(1220,'2011-08-17',1,459,'CP'),(1221,'2011-08-17',0,459,'CP'),(1222,'2011-08-17',0,577,'CP'),(1223,'2011-08-17',0,547,'CP'),(1224,'2011-08-17',0,578,'CP'),(1225,'2011-08-17',0,548,'CP'),(1226,'2011-08-17',0,545,'CP'),(1227,'2011-08-18',1,225,'GC'),(1228,'2011-08-18',1,579,'GC'),(1229,'2011-08-18',1,225,'PG5'),(1230,'2011-08-18',1,579,'PG5'),(1231,'2011-08-18',1,112,'PC'),(1232,'2011-08-18',1,260,'PC'),(1233,'2011-08-18',1,237,'PC'),(1234,'2011-08-18',1,238,'PC'),(1235,'2011-08-18',1,580,'PC'),(1236,'2011-08-18',0,580,'PC'),(1237,'2011-08-18',1,236,'PC'),(1238,'2011-08-18',1,225,'CBC'),(1239,'2011-08-18',1,579,'CBC'),(1240,'2011-08-18',1,225,'GL'),(1241,'2011-08-18',1,579,'GL'),(1242,'2011-08-18',1,225,'AHC3'),(1243,'2011-08-18',1,579,'AHC3'),(1244,'2011-08-18',1,225,'UT'),(1245,'2011-08-18',1,579,'UT'),(1246,'2011-08-18',1,225,'AHC2'),(1247,'2011-08-18',1,579,'AHC2'),(1248,'2011-08-18',1,225,'SIPA'),(1249,'2011-08-18',1,579,'SIPA'),(1250,'2011-08-18',1,225,'RC'),(1251,'2011-08-18',1,579,'RC'),(1252,'2011-08-18',1,225,'WUC'),(1253,'2011-08-18',1,579,'WUC'),(1254,'2011-08-18',0,238,'PC'),(1255,'2011-08-18',0,236,'PC'),(1256,'2011-08-18',0,112,'PC'),(1257,'2011-08-18',0,237,'PC'),(1258,'2011-08-18',1,581,'CP'),(1259,'2011-08-18',1,582,'CP'),(1260,'2011-08-18',0,430,'GC'),(1261,'2011-08-18',0,514,'GC'),(1262,'2011-08-18',0,152,'GC'),(1263,'2011-08-18',0,447,'RC'),(1264,'2011-08-18',0,511,'ZEB'),(1265,'2011-08-18',0,517,'GL'),(1266,'2011-08-18',0,358,'GL'),(1267,'2011-08-18',0,442,'GL'),(1268,'2011-08-18',1,583,'GL'),(1269,'2011-08-18',1,584,'GL'),(1270,'2011-08-18',0,582,'CP'),(1271,'2011-08-18',0,247,'AHC2'),(1272,'2011-08-18',1,336,'GC'),(1273,'2011-08-18',1,222,'GC'),(1274,'2011-08-18',0,550,'GC'),(1275,'2011-08-18',0,132,'GC'),(1276,'2011-08-19',0,388,'RC'),(1277,'2011-08-19',1,129,'RC'),(1278,'2011-08-19',1,546,'OE'),(1279,'2011-08-19',1,546,'OE'),(1280,'2011-08-19',0,546,'OE'),(1281,'2011-08-20',0,581,'CP'),(1282,'2011-08-20',1,585,'DM'),(1283,'2011-08-20',1,586,'DM'),(1284,'2011-08-20',1,368,'GPA'),(1285,'2011-08-20',1,587,'GPA'),(1286,'2011-08-20',1,399,'GL'),(1287,'2011-08-20',1,588,'GL'),(1288,'2011-08-20',0,573,'PC'),(1289,'2011-08-20',0,260,'PC'),(1290,'2011-08-21',1,589,'SIPA'),(1291,'2011-08-21',1,590,'SIPA'),(1292,'2011-08-21',1,591,'SIPA'),(1293,'2011-08-21',1,592,'SIPA'),(1294,'2011-08-21',0,339,'PGG'),(1295,'2011-08-21',0,519,'PGG'),(1296,'2011-08-21',0,521,'PGG'),(1297,'2011-08-21',0,517,'PGG'),(1298,'2011-08-21',0,494,'PGG'),(1299,'2011-08-21',0,518,'PGG'),(1300,'2011-08-21',0,544,'GC'),(1301,'2011-08-21',0,222,'GC'),(1302,'2011-08-21',0,336,'GC'),(1303,'2011-08-21',0,269,'GC'),(1304,'2011-08-21',0,124,'GC'),(1305,'2011-08-21',0,150,'GC'),(1306,'2011-08-21',0,353,'GC'),(1307,'2011-08-21',1,593,'GL'),(1308,'2011-08-21',1,214,'GL'),(1309,'2011-08-21',1,594,'PCA'),(1310,'2011-08-21',1,595,'PCA'),(1311,'2011-08-21',0,589,'SIPA'),(1312,'2011-08-21',0,225,'CBC'),(1313,'2011-08-21',0,579,'CBC'),(1314,'2011-08-21',0,579,'GC'),(1315,'2011-08-21',0,225,'GC'),(1316,'2011-08-21',1,596,'RDB'),(1317,'2011-08-21',1,597,'CP'),(1318,'2011-08-21',1,598,'CP'),(1319,'2011-08-21',1,599,'CP'),(1320,'2011-08-21',1,600,'CP'),(1321,'2011-08-21',1,601,'CP'),(1322,'2011-08-21',1,602,'CP'),(1323,'2011-08-21',0,601,'CP'),(1324,'2011-08-21',0,600,'CP'),(1325,'2011-08-21',0,602,'CP'),(1326,'2011-08-21',0,599,'CP'),(1327,'2011-08-21',0,597,'CP'),(1328,'2011-08-21',0,598,'CP'),(1329,'2011-08-21',1,603,'CP'),(1330,'2011-08-21',1,604,'CP'),(1331,'2011-08-21',1,131,'PC'),(1332,'2011-08-21',0,521,'PG5'),(1333,'2011-08-21',0,579,'PG5'),(1334,'2011-08-21',0,517,'PG5'),(1335,'2011-08-21',0,225,'PG5'),(1336,'2011-08-21',0,155,'PG5'),(1337,'2011-08-21',0,162,'PG5'),(1338,'2011-08-21',0,154,'PG5'),(1339,'2011-08-21',0,160,'PG5'),(1340,'2011-08-21',1,586,'PG5'),(1341,'2011-08-21',1,459,'GC'),(1342,'2011-08-21',0,379,'AC2'),(1343,'2011-08-21',0,604,'CP'),(1344,'2011-08-21',0,603,'CP'),(1345,'2011-08-21',0,217,'GL'),(1346,'2011-08-21',0,129,'RC'),(1347,'2011-08-21',0,132,'GL'),(1348,'2011-08-21',0,273,'PGP'),(1349,'2011-08-21',0,596,'RDB'),(1350,'2011-08-21',1,596,'RDB'),(1351,'2011-08-21',0,215,'RB'),(1352,'2011-08-21',0,591,'SIPA'),(1353,'2011-08-21',0,423,'AHC2'),(1354,'2011-08-21',0,422,'AHC2'),(1355,'2011-08-21',0,570,'AHC2'),(1356,'2011-08-21',0,225,'AHC2'),(1357,'2011-08-21',0,579,'AHC2'),(1358,'2011-08-21',1,131,'GL'),(1359,'2011-08-21',0,131,'GL'),(1360,'2011-08-21',0,586,'PG5'),(1361,'2011-08-22',0,587,'GPA'),(1362,'2011-08-22',1,605,'CP'),(1363,'2011-08-22',1,449,'CP'),(1364,'2011-08-22',1,606,'CP'),(1365,'2011-08-22',1,600,'CP'),(1366,'2011-08-22',1,607,'DM'),(1367,'2011-08-22',1,608,'DM'),(1368,'2011-08-22',1,609,'DM'),(1369,'2011-08-22',0,518,'RDB'),(1370,'2011-08-22',0,133,'GL'),(1371,'2011-08-22',0,131,'PC'),(1372,'2011-08-22',1,610,'CP'),(1373,'2011-08-22',1,611,'CP'),(1374,'2011-08-22',0,608,'DM'),(1375,'2011-08-22',1,612,'MARC'),(1376,'2011-08-22',0,592,'SIPA'),(1377,'2011-08-22',0,590,'SIPA'),(1378,'2011-08-22',0,606,'CP'),(1379,'2011-08-22',0,600,'CP'),(1380,'2011-08-22',0,517,'RDB'),(1381,'2011-08-22',0,350,'AC2'),(1382,'2011-08-22',0,579,'SIPA'),(1383,'2011-08-22',0,225,'SIPA'),(1384,'2011-08-22',0,594,'PCA'),(1385,'2011-08-22',0,595,'PCA'),(1386,'2011-08-22',0,505,'PCA'),(1387,'2011-08-22',0,495,'AHC3'),(1388,'2011-08-22',0,449,'CP'),(1389,'2011-08-22',1,613,'OE'),(1390,'2011-08-22',1,614,'OE'),(1391,'2011-08-22',1,562,'OE'),(1392,'2011-08-22',1,615,'OE'),(1393,'2011-08-22',1,613,'PC'),(1394,'2011-08-22',1,616,'PC'),(1395,'2011-08-22',1,512,'PC'),(1396,'2011-08-22',1,513,'PC'),(1397,'2011-08-22',1,562,'PC'),(1398,'2011-08-22',1,617,'PC'),(1399,'2011-08-22',1,618,'ECS'),(1400,'2011-08-22',1,619,'ECS'),(1401,'2011-08-22',1,447,'CBC'),(1402,'2011-08-22',1,447,'RC'),(1403,'2011-08-22',0,536,'GH1'),(1404,'2011-08-22',0,535,'GH1'),(1405,'2011-08-22',0,607,'DM'),(1406,'2011-08-22',1,620,'DM'),(1407,'2011-08-22',1,449,'DM'),(1408,'2011-08-22',0,220,'PGP'),(1409,'2011-08-22',0,596,'RDB'),(1410,'2011-08-22',1,402,'PGR'),(1411,'2011-08-22',0,449,'DM'),(1412,'2011-08-22',0,617,'PC'),(1413,'2011-08-22',0,617,'PC'),(1414,'2011-08-22',0,513,'PC'),(1415,'2011-08-22',0,512,'PC'),(1416,'2011-08-22',0,616,'PC'),(1417,'2011-08-22',0,562,'PC'),(1418,'2011-08-22',0,613,'PC'),(1419,'2011-08-22',0,593,'GL'),(1420,'2011-08-22',0,291,'GL'),(1421,'2011-08-22',0,447,'CBC'),(1422,'2011-08-22',1,131,'PCA'),(1423,'2011-08-22',0,620,'DM'),(1424,'2011-08-22',0,579,'GL'),(1425,'2011-08-22',1,621,'VH'),(1426,'2011-08-22',0,435,'GPA'),(1427,'2011-08-22',0,579,'AHC3'),(1428,'2011-08-22',0,225,'AHC3'),(1429,'2011-08-22',0,441,'GL'),(1430,'2011-08-22',0,562,'OE'),(1431,'2011-08-22',1,562,'OE'),(1432,'2011-08-23',0,277,'RB'),(1433,'2011-08-23',0,403,'RB'),(1434,'2011-08-23',0,609,'DM'),(1435,'2011-08-23',0,614,'OE'),(1436,'2011-08-23',0,615,'OE'),(1437,'2011-08-23',0,619,'ECS'),(1438,'2011-08-23',0,618,'ECS'),(1439,'2011-08-23',0,621,'VH'),(1440,'2011-08-23',0,613,'OE'),(1441,'2011-08-23',0,214,'RDB'),(1442,'2011-08-23',1,622,'PGR'),(1443,'2011-08-23',1,282,'PGR'),(1444,'2011-08-23',1,623,'PGR'),(1445,'2011-08-23',1,455,'ECS'),(1446,'2011-08-23',1,624,'ECS'),(1447,'2011-08-23',0,583,'GL'),(1448,'2011-08-23',0,611,'CP'),(1449,'2011-08-23',0,459,'GC'),(1450,'2011-08-23',1,132,'GC'),(1451,'2011-08-23',1,353,'GC'),(1452,'2011-08-23',1,123,'GC'),(1453,'2011-08-23',1,124,'GC'),(1454,'2011-08-23',1,141,'GC'),(1455,'2011-08-23',1,142,'GC'),(1456,'2011-08-23',1,325,'GC'),(1457,'2011-08-23',1,228,'GC'),(1458,'2011-08-23',1,227,'GC'),(1459,'2011-08-23',1,625,'CP'),(1460,'2011-08-23',1,626,'CP'),(1461,'2011-08-23',1,247,'AHC2'),(1462,'2011-08-23',1,353,'AHC2'),(1463,'2011-08-23',1,598,'AHC2'),(1464,'2011-08-23',1,627,'AHC2'),(1465,'2011-08-23',1,562,'AHC2'),(1466,'2011-08-23',1,628,'AHC2'),(1467,'2011-08-23',1,158,'PG5'),(1468,'2011-08-23',1,159,'PG5'),(1469,'2011-08-23',1,156,'PG5'),(1470,'2011-08-23',1,282,'PG5'),(1471,'2011-08-23',1,252,'PG5'),(1472,'2011-08-23',1,629,'PG5'),(1473,'2011-08-23',1,630,'PC'),(1474,'2011-08-23',1,631,'OE'),(1475,'2011-08-23',1,632,'OE'),(1476,'2011-08-23',1,633,'GC'),(1477,'2011-08-23',0,495,'AHC1'),(1478,'2011-08-23',0,630,'PC'),(1479,'2011-08-23',1,634,'CP'),(1480,'2011-08-23',1,635,'CP'),(1481,'2011-08-23',0,633,'GC'),(1482,'2011-08-23',1,319,'SIPA'),(1483,'2011-08-23',1,287,'AHC3'),(1484,'2011-08-24',0,402,'GL'),(1485,'2011-08-24',0,286,'GL'),(1486,'2011-08-24',0,562,'AHC2'),(1487,'2011-08-24',0,598,'AHC2'),(1488,'2011-08-24',0,509,'PGP'),(1489,'2011-08-24',0,285,'PGP'),(1490,'2011-08-24',1,636,'VH'),(1491,'2011-08-24',1,637,'VH'),(1492,'2011-08-24',1,636,'DM'),(1493,'2011-08-24',1,638,'DM'),(1494,'2011-08-24',1,636,'RB'),(1495,'2011-08-24',1,639,'RB'),(1496,'2011-08-24',1,636,'RDB'),(1497,'2011-08-24',1,640,'RDB'),(1498,'2011-08-24',0,131,'PCA'),(1499,'2011-08-24',0,562,'OE'),(1500,'2011-08-24',0,623,'PGR'),(1501,'2011-08-24',0,402,'PGR'),(1502,'2011-08-25',0,132,'GC'),(1503,'2011-08-25',0,504,'ZEB'),(1504,'2011-08-25',0,636,'RB'),(1505,'2011-08-25',0,638,'DM'),(1506,'2011-08-25',0,612,'MARC'),(1507,'2011-08-25',1,612,'MARC'),(1508,'2011-08-25',0,626,'CP'),(1509,'2011-08-25',0,625,'CP'),(1510,'2011-08-25',0,605,'CP'),(1511,'2011-08-25',0,627,'AHC2'),(1512,'2011-08-25',0,628,'AHC2'),(1513,'2011-08-25',0,624,'ECS'),(1514,'2011-08-25',0,639,'RB'),(1515,'2011-08-25',1,132,'PC'),(1516,'2011-08-25',1,353,'PC'),(1517,'2011-08-25',0,636,'DM'),(1518,'2011-08-25',0,631,'OE'),(1519,'2011-08-25',0,632,'OE'),(1520,'2011-08-25',0,637,'VH'),(1521,'2011-08-25',0,636,'VH'),(1522,'2011-08-25',0,282,'PG5'),(1523,'2011-08-25',0,252,'PG5'),(1524,'2011-08-25',0,640,'RDB'),(1525,'2011-08-25',0,636,'RDB'),(1526,'2011-08-25',1,499,'PG5'),(1527,'2011-08-25',1,500,'PG5'),(1528,'2011-08-25',1,501,'PG5'),(1529,'2011-08-25',1,249,'PG5'),(1530,'2011-08-25',1,641,'PG5'),(1531,'2011-08-25',0,156,'PG5'),(1532,'2011-08-26',0,225,'GL'),(1533,'2011-08-26',1,642,'GL'),(1534,'2011-08-26',1,643,'GL'),(1535,'2011-08-26',1,644,'GL'),(1536,'2011-08-26',0,586,'DM'),(1537,'2011-08-26',0,585,'DM'),(1538,'2011-08-26',0,214,'GL'),(1539,'2011-08-26',0,368,'GL'),(1540,'2011-08-26',0,368,'GL'),(1541,'2011-08-26',0,132,'PC'),(1542,'2011-08-27',1,447,'CBC'),(1543,'2011-08-27',1,463,'CBC'),(1544,'2011-08-28',0,524,'RC'),(1545,'2011-08-28',0,579,'RC'),(1546,'2011-08-28',0,227,'GC'),(1547,'2011-08-29',0,463,'CBC'),(1548,'2011-08-29',0,447,'CBC'),(1549,'2011-08-29',1,645,'SIPA'),(1550,'2011-08-29',1,134,'PG5'),(1551,'2011-08-29',1,646,'PG5'),(1552,'2011-08-29',1,157,'PG5'),(1553,'2011-08-29',1,154,'PG5'),(1554,'2011-08-29',1,647,'PG5'),(1555,'2011-08-29',0,646,'PG5'),(1556,'2011-08-29',0,134,'PG5'),(1557,'2011-08-29',1,156,'PG5'),(1558,'2011-08-29',1,648,'AQRC'),(1559,'2011-08-29',1,649,'AQRC'),(1560,'2011-08-29',1,650,'W01C'),(1561,'2011-08-30',0,353,'GC'),(1562,'2011-08-30',1,651,'PGP'),(1563,'2011-08-31',1,652,'CBC'),(1564,'2011-08-31',1,653,'CBC'),(1565,'2011-08-31',1,654,'UT'),(1566,'2011-08-31',1,655,'GL'),(1567,'2011-08-31',1,125,'GL'),(1568,'2011-08-31',1,153,'GC'),(1569,'2011-08-31',1,108,'GC'),(1570,'2011-08-31',1,656,'GC'),(1571,'2011-08-31',1,657,'GC'),(1572,'2011-08-31',1,658,'GC'),(1573,'2011-08-31',0,123,'GC'),(1574,'2011-08-31',0,124,'GC'),(1575,'2011-08-31',1,140,'GC'),(1576,'2011-08-31',0,141,'GC'),(1577,'2011-08-31',0,142,'GC'),(1578,'2011-08-31',1,371,'GC'),(1579,'2011-08-31',1,140,'GC'),(1580,'2011-08-31',1,659,'GC'),(1581,'2011-08-31',0,228,'GC'),(1582,'2011-08-31',0,658,'GC'),(1583,'2011-08-31',0,371,'GC'),(1584,'2011-08-31',0,656,'GC'),(1585,'2011-08-31',0,659,'GC'),(1586,'2011-08-31',0,657,'GC'),(1587,'2011-08-31',0,140,'GC'),(1588,'2011-08-31',1,123,'GC'),(1589,'2011-08-31',1,124,'GC'),(1590,'2011-08-31',1,141,'GC'),(1591,'2011-08-31',1,142,'GC'),(1592,'2011-08-31',1,499,'GC'),(1593,'2011-08-31',1,660,'GC'),(1594,'2011-08-31',1,224,'GC'),(1595,'2011-08-31',1,225,'GC'),(1596,'2011-08-31',1,326,'GC'),(1597,'2011-08-31',1,661,'GC'),(1598,'2011-08-31',1,150,'GC'),(1599,'2011-08-31',1,152,'GC'),(1600,'2011-08-31',1,662,'GC'),(1601,'2011-08-31',1,227,'GC'),(1602,'2011-08-31',1,285,'PGB'),(1603,'2011-08-31',1,663,'PGB'),(1604,'2011-08-31',1,664,'PGB'),(1605,'2011-08-31',1,665,'PGG'),(1606,'2011-08-31',1,666,'PGG'),(1607,'2011-08-31',1,667,'PGG'),(1608,'2011-08-31',1,223,'GC'),(1609,'2011-08-31',1,668,'GC'),(1610,'2011-08-31',0,668,'GC'),(1611,'2011-08-31',1,265,'GC'),(1612,'2011-08-31',1,336,'GC'),(1613,'2011-08-31',1,222,'GC'),(1614,'2011-08-31',1,669,'GC'),(1615,'2011-08-31',1,654,'AHC3'),(1616,'2011-08-31',1,370,'PG5'),(1617,'2011-08-31',1,160,'PG5'),(1618,'2011-08-31',1,161,'PG5'),(1619,'2011-08-31',1,670,'PGR'),(1620,'2011-08-31',1,671,'PGR'),(1621,'2011-08-31',0,670,'PGR'),(1622,'2011-08-31',0,671,'PGR'),(1623,'2011-08-31',1,667,'PGR'),(1624,'2011-08-31',1,672,'ECS'),(1625,'2011-08-31',1,673,'ECS'),(1626,'2011-08-31',0,353,'PC'),(1627,'2011-08-31',0,283,'LVS'),(1628,'2011-09-01',0,247,'AHC2'),(1629,'2011-09-01',0,353,'AHC2'),(1630,'2011-09-01',0,337,'FIUS'),(1631,'2011-09-02',1,674,'PC'),(1632,'2011-09-02',0,673,'ECS'),(1633,'2011-09-04',0,463,'RC'),(1634,'2011-09-04',0,287,'AHC3'),(1635,'2011-09-05',0,634,'CP'),(1636,'2011-09-05',0,610,'CP'),(1637,'2011-09-05',0,610,'CP'),(1638,'2011-09-05',0,610,'CP'),(1639,'2011-09-05',0,635,'CP'),(1640,'2011-09-06',0,654,'AHC3'),(1641,'2011-09-06',1,403,'RB'),(1642,'2011-09-06',1,675,'RB'),(1643,'2011-09-06',0,675,'RB'),(1644,'2011-09-06',1,315,'RB'),(1645,'2011-09-06',1,676,'RB'),(1646,'2011-09-06',1,677,'InformationCenter'),(1647,'2011-09-06',1,441,'InformationCenter'),(1648,'2011-09-06',0,642,'GL'),(1649,'2011-09-06',0,644,'GL'),(1650,'2011-09-06',1,678,'GL'),(1651,'2011-09-06',1,129,'RC'),(1652,'2011-09-06',1,261,'RC'),(1653,'2011-09-06',1,679,'RC'),(1654,'2011-09-06',0,386,'RC'),(1655,'2011-09-06',0,679,'RC'),(1656,'2011-09-06',0,142,'RC'),(1657,'2011-09-06',1,680,'RC'),(1658,'2011-09-07',1,447,'CBC'),(1659,'2011-09-07',1,447,'RC'),(1660,'2011-09-07',1,261,'GPA'),(1661,'2011-09-07',1,447,'GPA'),(1662,'2011-09-07',0,674,'PC'),(1663,'2011-09-07',1,260,'PC'),(1664,'2011-09-07',1,258,'PC'),(1665,'2011-09-07',1,112,'PC'),(1666,'2011-09-07',1,237,'PC'),(1667,'2011-09-07',1,238,'PC'),(1668,'2011-09-07',1,236,'PC'),(1669,'2011-09-07',1,681,'PC'),(1670,'2011-09-07',1,282,'PGB'),(1671,'2011-09-07',1,282,'PGG'),(1672,'2011-09-07',1,518,'PGG'),(1673,'2011-09-07',1,282,'PG5'),(1674,'2011-09-07',1,390,'PG5'),(1675,'2011-09-07',1,282,'PGP'),(1676,'2011-09-07',1,284,'UA1'),(1677,'2011-09-07',1,283,'UA1'),(1678,'2011-09-07',1,283,'LVS'),(1679,'2011-09-07',1,283,'PH'),(1680,'2011-09-07',1,283,'UT'),(1681,'2011-09-07',1,225,'SIPA'),(1682,'2011-09-07',1,225,'CBC'),(1683,'2011-09-07',1,225,'GL'),(1684,'2011-09-07',1,682,'UT'),(1685,'2011-09-07',1,682,'GL'),(1686,'2011-09-07',1,225,'AHC2'),(1687,'2011-09-07',1,682,'AHC2'),(1688,'2011-09-07',1,683,'AHC2'),(1689,'2011-09-07',0,683,'AHC2'),(1690,'2011-09-07',1,245,'AHC2'),(1691,'2011-09-07',1,682,'SIPA'),(1692,'2011-09-07',1,682,'GC'),(1693,'2011-09-07',1,684,'CSC'),(1694,'2011-09-07',1,685,'CSC'),(1695,'2011-09-07',1,686,'CSC'),(1696,'2011-09-07',1,687,'CSC'),(1697,'2011-09-07',1,316,'CSC'),(1698,'2011-09-07',1,287,'RDB'),(1699,'2011-09-07',1,294,'WPAC'),(1700,'2011-09-07',1,295,'WPAC'),(1701,'2011-09-07',1,283,'BH1'),(1702,'2011-09-07',1,225,'PG5'),(1703,'2011-09-07',1,472,'GH2'),(1704,'2011-09-07',1,688,'TPC'),(1705,'2011-09-07',1,689,'WC'),(1706,'2011-09-07',1,690,'WC'),(1707,'2011-09-07',1,217,'MB01MB02'),(1708,'2011-09-07',1,219,'GC'),(1709,'2011-09-07',1,219,'WUC'),(1710,'2011-09-07',0,584,'GL'),(1711,'2011-09-07',0,293,'GL'),(1712,'2011-09-07',0,678,'GL'),(1713,'2011-09-07',0,643,'GL'),(1714,'2011-09-07',1,691,'GL'),(1715,'2011-09-07',0,305,'GL'),(1716,'2011-09-07',0,285,'GL'),(1717,'2011-09-07',0,311,'GL'),(1718,'2011-09-07',0,588,'GL'),(1719,'2011-09-07',1,521,'PG5'),(1720,'2011-09-07',1,521,'GC'),(1721,'2011-09-07',1,521,'PGG'),(1722,'2011-09-07',1,521,'BH1'),(1723,'2011-09-07',1,521,'LIB'),(1724,'2011-09-07',1,521,'WUC'),(1725,'2011-09-07',1,228,'GC'),(1726,'2011-09-07',0,390,'S02'),(1727,'2011-09-07',0,650,'W01C'),(1728,'2011-09-07',1,692,'CBC'),(1729,'2011-09-07',1,692,'RC'),(1730,'2011-09-08',0,283,'UA1'),(1731,'2011-09-08',0,284,'UA1'),(1732,'2011-09-08',1,246,'AHC1'),(1733,'2011-09-08',1,249,'AHC1'),(1734,'2011-09-08',1,235,'AHC1'),(1735,'2011-09-08',1,252,'AHC1'),(1736,'2011-09-08',1,682,'AHC3'),(1737,'2011-09-08',1,225,'AHC3'),(1738,'2011-09-08',1,246,'AHC3'),(1739,'2011-09-08',1,249,'AHC3'),(1740,'2011-09-08',1,548,'AHC3'),(1741,'2011-09-08',0,682,'AHC2'),(1742,'2011-09-08',0,225,'AHC2'),(1743,'2011-09-09',0,684,'CSC'),(1744,'2011-09-09',0,685,'CSC'),(1745,'2011-09-09',0,316,'CSC'),(1746,'2011-09-09',0,686,'CSC'),(1747,'2011-09-09',0,687,'CSC'),(1748,'2011-09-09',1,283,'UA1'),(1749,'2011-09-09',1,284,'UA1'),(1750,'2011-09-09',1,283,'UA2'),(1751,'2011-09-09',1,284,'UA2'),(1752,'2011-09-09',1,283,'UA3'),(1753,'2011-09-09',1,284,'UA3'),(1754,'2011-09-09',1,283,'UA4'),(1755,'2011-09-09',1,284,'UA4'),(1756,'2011-09-09',1,283,'UA8'),(1757,'2011-09-09',1,284,'UA8'),(1758,'2011-09-09',1,283,'UA6'),(1759,'2011-09-09',1,284,'UA6'),(1760,'2011-09-09',1,283,'UA9'),(1761,'2011-09-09',1,284,'UA9'),(1762,'2011-09-09',1,283,'UA10'),(1763,'2011-09-09',1,284,'UA10'),(1764,'2011-09-09',1,283,'UA12'),(1765,'2011-09-09',1,284,'UA12'),(1766,'2011-09-09',1,283,'UA5'),(1767,'2011-09-09',1,284,'UA5'),(1768,'2011-09-09',1,283,'UA7'),(1769,'2011-09-09',1,284,'UA7'),(1770,'2011-09-09',1,283,'UA11'),(1771,'2011-09-09',1,284,'UA11'),(1772,'2011-09-10',1,593,'GL'),(1773,'2011-09-10',1,214,'GL'),(1774,'2011-09-11',0,649,'AQRC'),(1775,'2011-09-12',0,691,'GL'),(1776,'2011-09-12',1,642,'GL'),(1777,'2011-09-12',1,678,'GL'),(1778,'2011-09-12',0,368,'GPA'),(1779,'2011-09-13',0,540,'FIUS'),(1780,'2011-09-13',1,692,'GL'),(1781,'2011-09-14',1,693,'PGP'),(1782,'2011-09-14',1,282,'PGP'),(1783,'2011-09-14',1,249,'AHC3'),(1784,'2011-09-14',1,240,'AHC3'),(1785,'2011-09-15',0,315,'RB'),(1786,'2011-09-15',0,403,'RB'),(1787,'2011-09-15',0,676,'RB'),(1788,'2011-09-17',1,694,'MBUS'),(1789,'2011-09-17',1,695,'MBUS'),(1790,'2011-09-17',1,696,'MBUS'),(1791,'2011-09-17',1,697,'MBUS'),(1792,'2011-09-17',1,698,'Downtown'),(1793,'2011-09-17',1,699,'Downtown'),(1794,'2011-09-18',1,700,'PC'),(1795,'2011-09-18',1,242,'PC'),(1796,'2011-09-19',1,701,'PC'),(1797,'2011-09-19',1,702,'PC'),(1798,'2011-09-19',0,678,'GL'),(1799,'2011-09-21',1,703,'CBC'),(1800,'2011-09-21',1,305,'CBC'),(1801,'2011-09-21',1,353,'CBC'),(1802,'2011-09-23',0,703,'CBC'),(1803,'2011-09-24',0,240,'AHC3'),(1804,'2011-09-24',0,249,'AHC3'),(1805,'2011-09-27',0,399,'GL'),(1806,'2011-09-28',1,704,'WSTC'),(1807,'2011-09-28',1,212,'WSTC'),(1808,'2011-09-28',1,581,'CP'),(1809,'2011-09-29',1,492,'CSC'),(1810,'2011-09-29',1,705,'CSC'),(1811,'2011-09-29',1,492,'CSC'),(1812,'2011-09-29',1,705,'CSC'),(1813,'2011-09-29',1,595,'AC1'),(1814,'2011-09-29',1,169,'AC1'),(1815,'2011-09-29',1,401,'PGB'),(1816,'2011-09-29',1,494,'PGG'),(1817,'2011-09-29',1,220,'PGP'),(1818,'2011-09-29',1,402,'PGP'),(1819,'2011-09-29',1,622,'PGR'),(1820,'2011-09-29',1,706,'AHC3'),(1821,'2011-09-29',1,549,'PCA'),(1822,'2011-09-30',0,672,'ECS'),(1823,'2011-09-30',0,455,'ECS'),(1824,'2011-09-30',0,322,'W10A'),(1825,'2011-10-01',1,549,'PCA'),(1826,'2011-10-04',1,707,'PG5'),(1827,'2011-10-04',1,708,'PG5'),(1828,'2011-10-04',1,256,'PG5'),(1829,'2011-10-05',0,593,'GL'),(1830,'2011-10-06',0,704,'WSTC'),(1831,'2011-10-06',1,138,'MARC'),(1832,'2011-10-06',1,709,'MARC'),(1833,'2011-10-06',1,710,'MARC'),(1834,'2011-10-06',0,138,'MARC'),(1835,'2011-10-06',0,710,'MARC'),(1836,'2011-10-09',1,432,'PC'),(1837,'2011-10-09',1,433,'PC'),(1838,'2011-10-09',0,432,'PC'),(1839,'2011-10-11',0,441,'InformationCenter'),(1840,'2011-10-11',0,677,'InformationCenter'),(1841,'2011-10-11',1,237,'PC'),(1842,'2011-10-11',1,238,'PC'),(1843,'2011-10-12',0,709,'MARC'),(1844,'2011-10-13',0,238,'PC'),(1845,'2011-10-14',0,706,'AHC3'),(1846,'2011-10-17',0,433,'PC'),(1847,'2011-10-18',0,242,'PC'),(1848,'2011-10-18',0,237,'PC'),(1849,'2011-10-18',0,211,'RC'),(1850,'2011-10-19',1,237,'PC'),(1851,'2011-10-19',1,238,'PC'),(1852,'2011-10-19',1,492,'CSC'),(1853,'2011-10-20',0,220,'GPA'),(1854,'2011-10-21',0,305,'CBC'),(1855,'2011-10-24',0,705,'CSC'),(1856,'2011-10-24',0,353,'CBC'),(1857,'2011-10-25',1,711,'OE'),(1858,'2011-10-31',0,645,'SIPA'),(1859,'2011-10-31',0,319,'SIPA');
/*!40000 ALTER TABLE `changes` ENABLE KEYS */;
UNLOCK TABLES;

--
-- Table structure for table `locations`
--

DROP TABLE IF EXISTS `locations`;
SET @saved_cs_client     = @@character_set_client;
SET character_set_client = utf8;
CREATE TABLE `locations` (
  `id` varchar(255) NOT NULL,
  `title` varchar(255) default NULL,
  `description` text,
  `latitude` varchar(255) default NULL,
  `longitude` varchar(255) default NULL,
  `image` varchar(255) default NULL,
  `campus` varchar(100) default NULL,
  `count` int(11) default NULL,
  PRIMARY KEY  (`id`)
) ENGINE=MyISAM DEFAULT CHARSET=latin1;
SET character_set_client = @saved_cs_client;

--
-- Dumping data for table `locations`
--

LOCK TABLES `locations` WRITE;
/*!40000 ALTER TABLE `locations` DISABLE KEYS */;
INSERT INTO `locations` VALUES ('PGG','Gold Parking Garage (PGG)','Established in 1998, this garage is also home to the Wells Fargo FIU branch, as well the FIU One Card offices. ProntoWash carwash and detailing services are available here as well\r\n<br/><a href=\'http://parking.fiu.edu/\'>Parking</a>\r\n<br/><a href=\'http://shop.fiu.edu/onecard/index.html\'>FIU One Card</a>','25.754841854858803','-80.3720502941565','','mmc',1300),('PGB','Blue Parking Garage (PGB)','Established in 2002, this parking garage is often used for community event parking.\r\n<br/><a href=\'http://parking.fiu.edu/\'>Parking</a>','25.753857599964135','-80.3720632636069','','mmc',945),('PPFAM','Patricia & Philip Frost Art Museum (PPFAM)','Established in 207 and redesigned in 2008, this museum is a three-story 46,000-square-foot space. It houses various collections from local and international artists. Hours: Tuesday  Saturday 10AM  5PM, Sunday 12PM  5PM. Free admission.\r\n<br/><a href=\'http://thefrost.fiu.edu/\'>Patricia & Phillip Frost Art Museum</a>','25.753716555366193','-80.37308171897462','ppfam.jpg','mmc',500),('MARC','Management and Advanced Research Center (MARC)','Established on 2002, this building is home to the University Management offices, the Center for the Administration of Justice, the Center for Leadership, Alumni Relations and the Jerome Bain Real Estate Institute, as well as various classrooms.\r\n','25.754513005788706','-80.3731532531956','marc.jpg','mmc',876),('PC','Charles Perry / Primera Casa (PC)','Established in 1972, this was the first building on the FIU campus. The building is an Outstanding Concrete Structure that houses Administrative offices, Human Resources, Undergraduate Advising, Financial Aid, the Bursar, Admissions and Enrolment services, the Department of Earth Sciences, the Center for Internet Augmented Research &amp; Assessment (CIARA), as well as several labs and classrooms.','25.7555215294663','-80.37372143957327','pc.jpg','mmc',1900),('GC','Ernest R. Graham Center (GC)','Established in 1974, GC is home to the student art and piano lounge, a food court featuring restaurants such as Fresh Food Co., Pollo Tropical and Chilis Too. Also found here are the offices of Student Services, student organizations, computer labs and classrooms. You can also buy various items at the mall kiosks found near the food court. You can also buy your textbooks at the <a href=\"http://shop.fiu.edu/bookstore/index.html\">Barnes & Noble</a> bookstore.\r\n','25.7562811721849','-80.37269283329019','gc.jpg','mmc',2572),('DM','Deuxieme Maison (DM)','Established in 1972, this building is home to the College of Arts & Sciences, the Department of Psychology, the Department of Economics, the English Department, Global & Sociocultural Studies, the Honors College as well as several other departments and various classrooms.\r\n','25.756121421738243','-80.37458893310396','dm.jpg','mmc',1641),('GL','Steve and Dorothea Green Library (GL)','Established in 1975, this building is the largest of the campus libraries and houses the majority of FIUs research collections, including the Medical Library. Also found in GL is the Academy of the Art of Teaching, the School of Social Work, the Center for Excellence in Writing, University Technology Services, Office of Global Learning Initiatives, and the Center for Academic Success and several computer labs, group study rooms, and classrooms.\r\n','25.75716604193027','-80.37381519166668','gl.jpg','mmc',2358),('LVN','Lakeview Housing North (LVN)','Established in 2006, Lakeview Village North serves as campus housing.  Amenities include: 24-hour front desk, laundry facilities, 10 study/social lounged, seminar rooms and Wi-Fi lounges.\r\n<br/><a href=\'http://www.housing.fiu.edu/\'>Housing</a>','25.754437238722197','-80.37467927721774','lvn.jpg','mmc',442),('LVS','Lakeview Housing South (LVS)','Established in 2006, Lakeview Village South serves as campus housing.  Amenities include: 24-hour front desk, laundry facilities, 10 study/social lounged, seminar rooms and Wi-Fi lounges.\r\n<br/><a href=\'http://www.housing.fiu.edu/\'>Housing</a>','25.753917531156947','-80.37432714089356','lvs.jpg','mmc',412),('EH','Everglades Residence Hall (EH)','Established in 2002, Everglades Hall serves as campus housing.  Amenities include: 24-hour front desk, laundry facilities, five study/social lounged, a seminar room and Wi-Fi lounges.\r\n<br/><a href=\'http://www.housing.fiu.edu/\'>Housing</a>','25.753754390718427','-80.37532880662495','eh.jpg','mmc',573),('PH','Panther Residence Hall (PH)','Panther Residence Hall opened its doors to students in 1992, and includes four study/social lounged, building-wide Wi-Fi, a laundry facility, a 24-hour front desk and three community kitchens.\r\n<br/><a href=\'http://www.housing.fiu.edu/\'>Panther Residence Hall</a>','25.753996939977934','-80.3763903495491','ph.jpg','mmc',545),('UT','University Towers (UT)','Established in 2000, the University Park Towers serve as campus housing and feature five study/social lounged, an on-site laundry facility, a 24-hour front desk and Wi-Fi lounges. For a quick snack or your last-minute needs, stop by the C3 Express Breezeway Caf POD.\r\n','25.754831252037263','-80.37567261719869','ut.jpg','mmc',628),('FIUS','FIU Community Stadium (FIUS)','Established in 1985 , this stadium serves as the home of the Panthers football team.<br/>\r\nThe R. Kirk Landon Fieldhouse  here houses the University Credit Union Box Office, Football offices and weight room.<br/>\r\n<br/><a href=\'http://en.wikipedia.org/wiki/FIU_Stadium\'>Wikipedia - FIU Stadium</a><br/>\r\n<a href=\'http://FIUsports.com\'>FIU Sports</a>','25.75243524368879','-80.37793815203327','fius.jpg','mmc',1601),('WPAC','Herbert and Nicole Wertheim Performing Arts Center (WPAC)','Established in 1996, this building houses the Department of Theater, the School of Music, the Theatre & Dance Box Office, a 600-seat concert hall and a 150-seat recital hall, as well as various various classrooms, studios.\r\n<br/><a href=\'http://www2.fiu.edu/~ims/tour/wertheim.html\'>Herbert and Nicole Wertheim Performing Arts Center</a>','25.75253980271561','-80.37265342384839','wpac.jpg','mmc',905),('RH','Ronald W. Reagan Presidential House (RH)','Opened in 2001, the second floor of this two-story building serves as housing for the university president and his family while the ground floor acts as an events center for the university community.\r\n<br/><a href=\'http://president.fiu.edu/about/reagan\'>Ronald W. Reagan Presidential House</a>','25.755500528030407','-80.36944780727161','rh.jpg','mmc',304),('GH1','Phi Gamma Delta (GH1)','The FIU Greek fraternity housing area consists of the FIJI house (est. Fall 2001) and the Pi Kappa Alpha house (est. Spring 2005).\r\n<br/><a href=\'http://www2.fiu.edu/~greeks/housing.html\'>Housing</a>','25.753877534756477','-80.36958166432328','gh1.jpg','mmc',294),('GH2','Pi Kappa Alpha (GH2)','The FIU Greek fraternity housing area consists of the FIJI house (est. Fall 2001) and the Pi Kappa Alpha house (est. Spring 2005).\r\n<br/><a href=\'http://www2.fiu.edu/~greeks/housing.html\'>Housing</a>','25.75359408127629','-80.36991040030085','gh2.jpg','mmc',248),('OE','Owa Ehan (OE)','Established in 1977, this building is home to the Department of Biological Sciences, the National Resource Center on Nutrition, Physical Activity & Aging, the Southeast Environmental Research Center (SERC), as well as various offices, student labs and classrooms.\r\n','25.75807933237245','-80.37287427025734','oe.jpg','mmc',1311),('CP','Chemistry & Physics (CP)','Established in 1991, this building is home to offices of the Department of Chemistry & Physics, Astronomy, the International Forensic Research Institute, Scientific Receiving, as well as student labs and various classrooms.\r\n','25.758482092352164','-80.37222486182165','cp.jpg','mmc',1471),('ECS','Engineering & Computer Science (ECS)','Established in 1990, this building is home to the School of Computer Science, Department of Environmental Science, the School of Computer Science, the College of Arts & Sciences, the Advanced Materials Engineering Research Institute,  the High Performance Database Research Center (HPDRC), the Southern Technology Application Center (STAC), as well as several student labs and classrooms.\r\n','25.758989401033716','-80.37387632256844','ecs.jpg','mmc',1407),('VH','Viertes Haus (VH)','Established in 1975, VH houses the Department of Dance, Art & Art History, the Center for the Study of Matter at Extreme Conditions (CeSMEC), the Photo Lab, the Stable Isotope Lab as well as various studios and classrooms\r\n','25.757949186750004','-80.37464316586896','vh.jpg','mmc',1122),('CU','Central Utilities (CU)','Central Utilities is home to the the Chiller Plant site. This is where chilled water is manufactured and then transported throughout the campus to each facility where it is used for air conditioning.\r\n','25.758002682107332','-80.37510141082548','','mmc',341),('PGR','Red Parking Garage (PGR)','Parking garage. ProntoWash carwash and detailing services are available here.\r\n<br/><a href=\'http://parking.fiu.edu/\'>Parking</a>','25.76014875888511','-80.3730875949094','','mmc',1136),('PG5','Market Station (PG5)','Established in 2010, PG5 is one of the most diverse buildings on campus. It is a parking garage; a collection of classrooms and a food court - with Wi-Fi and televisions - that seats 300. Public Safety and Parking & Transportation services as well as the FIU Faculty Group Practice can be found here.\r\n','25.760141600415828','-80.37155860229984','pg5.jpg','mmc',1489),('AHC1','Academic Health Center 1 (AHC1)','Part of the Academic Health Sciences Complex, established in 2008, this building is home to offices of the School of Public Health offices, the College of Nursing & Health Science and the College of Health & Urban Affairs. Classrooms and students labs can also be found here.','25.757624062193862','-80.37132725117887','ahc1.jpg','mmc',951),('UA1','University Apartments (UA)','These two-story courtyard-style apartments were established in 1986 as the first housing area on the MMC  (then called UP) campus. These apartments are home to approximately 584 residents.\r\n<br/><a href=\'http://www.housing.fiu.edu/Buildings/University-Park-Apartments.html\'>University Apartments</a>','25.75870590979151','-80.37033699969724','ua.jpg','mmc',168),('UA2','University Apartments (UA)','These two-story courtyard-style apartments were established in 1986 as the first housing area on the MMC  (then called UP) campus. These apartments are home to approximately 584 residents.\r\n<br/><a href=\'http://www.housing.fiu.edu/Buildings/University-Park-Apartments.html\'>University Apartments</a>','25.758621560699915','-80.36984952093277','ua.jpg','mmc',87),('UA3','University Apartments (UA)','These two-story courtyard-style apartments were established in 1986 as the first housing area on the MMC  (then called UP) campus. These apartments are home to approximately 584 residents.\r\n<br/><a href=\'http://www.housing.fiu.edu/Buildings/University-Park-Apartments.html\'>University Apartments</a>','25.758665718002028','-80.36938797301656','ua.jpg','mmc',53),('UA4','University Apartments (UA)','These two-story courtyard-style apartments were established in 1986 as the first housing area on the MMC  (then called UP) campus. These apartments are home to approximately 584 residents.\r\n<br/><a href=\'http://www.housing.fiu.edu/Buildings/University-Park-Apartments.html\'>University Apartments</a>','25.75875089034389','-80.368996057782','ua.jpg','mmc',43),('UA5','University Apartments (UA)','These two-story courtyard-style apartments were established in 1986 as the first housing area on the MMC  (then called UP) campus. These apartments are home to approximately 584 residents.\r\n<br/><a href=\'http://www.housing.fiu.edu/Buildings/University-Park-Apartments.html\'>University Apartments</a>','25.75737850225137','-80.37038976817612','ua.jpg','mmc',79),('UA6','University Apartments (UA)','These two-story courtyard-style apartments were established in 1986 as the first housing area on the MMC  (then called UP) campus. These apartments are home to approximately 584 residents.\r\n<br/><a href=\'http://www.housing.fiu.edu/Buildings/University-Park-Apartments.html\'>University Apartments</a>','25.75766069011039','-80.36990068511064','ua.jpg','mmc',91),('UA7','University Apartments (UA)','These two-story courtyard-style apartments were established in 1986 as the first housing area on the MMC  (then called UP) campus. These apartments are home to approximately 584 residents.\r\n<br/><a href=\'http://www.housing.fiu.edu/Buildings/University-Park-Apartments.html\'>University Apartments</a>','25.75741586495106','-80.36936894982543','ua.jpg','mmc',55),('UA8','University Apartments (UA)','These two-story courtyard-style apartments were established in 1986 as the first housing area on the MMC  (then called UP) campus. These apartments are home to approximately 584 residents.\r\n<br/><a href=\'http://www.housing.fiu.edu/Buildings/University-Park-Apartments.html\'>University Apartments</a>','25.758052919525415','-80.36982189948517','ua.jpg','mmc',24),('UA9','University Apartments (UA)','These two-story courtyard-style apartments were established in 1986 as the first housing area on the MMC  (then called UP) campus. These apartments are home to approximately 584 residents.\r\n<br/><a href=\'http://www.housing.fiu.edu/Buildings/University-Park-Apartments.html\'>University Apartments</a>','25.7577934043768','-80.36932143447565','ua.jpg','mmc',69),('UA10','University Apartments (UA)','These two-story courtyard-style apartments were established in 1986 as the first housing area on the MMC  (then called UP) campus. These apartments are home to approximately 584 residents.\r\n<br/><a href=\'http://www.housing.fiu.edu/Buildings/University-Park-Apartments.html\'>University Apartments</a>','25.758048061531014','-80.36908034330419','ua.jpg','mmc',54),('UA11','University Apartments (UA)','These two-story courtyard-style apartments were established in 1986 as the first housing area on the MMC  (then called UP) campus. These apartments are home to approximately 584 residents.\r\n<br/><a href=\'http://www.housing.fiu.edu/Buildings/University-Park-Apartments.html\'>University Apartments</a>','25.75732791825791','-80.36872546189942','ua.jpg','mmc',51),('UA12','University Apartments (UA)','These two-story courtyard-style apartments were established in 1986 as the first housing area on the MMC  (then called UP) campus. These apartments are home to approximately 584 residents.\r\n<br/><a href=\'http://www.housing.fiu.edu/Buildings/University-Park-Apartments.html\'>University Apartments</a>','25.75794300781976','-80.36869373656742','ua.jpg','mmc',244),('PCA','Paul L. Cejas School of Architecture (PCA)','Established in 2003, this building is home to the Architectural Studies offices, the Institute for Public Management & Community Design, the School of Social Work, Justice & Public Affairs, as well as various student labs and classrooms.\r\n','25.75894623840732','-80.37532736054492','pca.jpg','mmc',1479),('CollegeOfHealth','Building Ten','Building 10 houses the Enrolment Processing Center and the University Graduate School.','25.75833625327761','-80.3753945017516','','mmc',238),('WC','Wertheim Conservatory (WC)','Established in 1991, this building houses FIUs own Greenhouse, which is run by the Biological Sciences Department and is open to the public. The complex exhibits 400 plant species in total between the main greenhouse and two smaller greenhouses.\r\n<br/><a href=\'http://www.flickr.com/photos/fiu/2491762789/\'>Flickr - Wertheim Conservatory</a>','25.75914278650038','-80.37300846016032','wc.jpg','mmc',461),('RB','Ryder Business Building (RB)','Established in 1991, this building houses the College of Business offices, as well as various student labs and classrooms.\r\n','25.757437843087327','-80.37613117543361','rb.jpg','mmc',1058),('CBC','College of Business Complex (CBC)','Established in 2008, the CBC is home of the College of Business Administration and includes several graduate business program offices, various classrooms the Commons Courtyard the Ocean Bank Auditorium.\r\n<br/><a href=\'http://biznews.fiu.edu/2008/03/ribbon-cutting-signals-that-new-complex-is-open-for-business/\'>College of Business Complex</a>','25.758023627213287','-80.37698038746616','cbc.jpg','mmc',1503),('ZEB','Sanford and Dolores Ziff Education Building (ZEB)','Established in 1997, the ZEB building is home to the College of Education offices, various classrooms and the Urban Education and Innovation Center.','25.758881874771134','-80.37659856593598','zeb.jpg','mmc',950),('RDB','Rafael Diaz-Balart Hall (RDB)','Established in 2006, this three-story ,162,000-square-foot building is home to the FIU College of Law, their offices, various classrooms and the Law Library.\r\n<br/><a href=\'http://www.ramsa.com/projects-search/academic/rafael-d-az.html\'>Rafael Diaz-Balart Hall</a>','25.756822442797564','-80.37778271844358','rdb.jpg','mmc',2209),('LC','Labor Center (LC)','Established in 1994, this building is home to the English Language Institute, African & African Diaspora Studies, the Institute for Public Policy & Citizenship Studies and the Center for Labor Research and Studies. You can also get TOEFL exam information there.\r\n','25.756509662011435','-80.37696422569203','lc.jpg','mmc',474),('RC','Recreation Complex (RC)','Complete two-story gym with 12,500 sq. ft. of fitness space, basketball courts and the Tropical Smoothie Caf. This gym, established in 2005, also serves as the designated hurricane shelter for Monroe County. \r\n<br/><a href=\'http://www2.fiu.edu/~camprec/RecCtr.htm\'>Recreation Complex</a>','25.756004251234764','-80.37810962024147','rc.jpg','mmc',903),('UHSC','University Health Services Complex (UHSC)','Established in 1992, this building houses the Wellness Center, the University Pharmacy, Womens Health Services, the Victim Advocacy Center and other University Health Services.\r\n<br/><a href=\'http://www2.fiu.edu/~health/\'>University Health Services Complex</a>','25.755949451509448','-80.37664303582281','uhsc.jpg','mmc',792),('S02','Public Safety - MMC (S02)','This building was established in 1982 and is home to University Police and Public Safety.\r\n','25.756098087624515','-80.37624643482023','','mmc',208),('DC','Duplicating Center (DC)','This building is home to the Office of Business Services.\r\n<br/><a href=\'http://shop.fiu.edu\'>Office of Business Services</a>','25.755848895470344','-80.37603520554947','','mmc',364),('GPA','U.S. Century Bank Arena (GPA)','Originally established in 1986 as the Golden Panther Arena, the 5,000-seat arena is home to the Athletics Department. It was named the U.S. Century Bank Arena in 2009. Many local high schools also celebrate their graduation on the Arena.<br/>\r\n<a href=\'http://FIUsports.com\'>FIU Sports</a>','25.75694490045534','-80.37980675358322','gpa.jpg','mmc',1394),('PGP','Panther Parking Garage (PGP)','Established in 1998. This parking garage has Panther Mover services.\r\n','25.758459728695936','-80.37981044623452','','mmc',1233),('BBS','FIU Baseball Stadium (BBS)','Established in 1995 with seating for 2,500 fans, the baseball stadium is home of the Panthers baseball team.<br/>\r\n<a href=\'http://FIUsports.com\'>FIU Sports</a>\r\n','25.754136200308228','-80.38118963630092','bbs.jpg','mmc',284),('AS','Artist Studio (AS)','Established in 1997, this building is home to several art classes.\r\n','25.75299055493468','-80.38119493801332','as.jpg','mmc',100),('W01C','Ceramics (W01C)','The Ceramics studio is part of the West Complex that was established over 23 years of FIUs history (1970-2003).\r\n','25.75276302000191','-80.38149325703819','w01c.jpg','mmc',221),('W01','West 1 (W01)','West 1 is part of the West Complex that was established over 23 years of FIUs history (1970-2003). It is home to the Sculpture Studio.\r\n','25.752769022190954','-80.38230743926988','','mmc',262),('W02','West 2 (W02)','West 2 is part of the West Complex that was established over 23 years of FIUs history (1970-2003). It is home to vehicle services.\r\n','25.753206624675276','-80.38261769687948','','mmc',248),('W03','West 3 (W03)','West 3 is part of the West Complex that was established over 23 years of FIUs history (1970-2003). Key Control is located here.\r\n','25.753515170780872','-80.38252292056728','w03.jpg','mmc',227),('CSC','Campus Support Complex (CSC)','This building is home to the Scuba Diving program, Building Services & Facilities Management, Diving & Boating Safety, Central Receiving,  CPR Training, Graphics & Design facilities, Waste Management, Environmental Health/Safety & Risk Management, Utilities and Custodial Services.\r\n','25.754674421826213','-80.38246879309065','csc.jpg','mmc',966),('NOAA','National Hurricane Center (NOAA)','Established in 1995, this building proudly serves as the division of the National Weather Service responsible for tracking and predicting the likely behavior of tropical depressions, tropical storms and hurricanes. \r\n','25.75447388675737','-80.38357924750878','noaa.jpg','mmc',433),('SAAC','Student Athletic Academic Center (SAAC)','This building houses the academic support center for student-athletes.\r\n','25.756059035074827','-80.38229088598244','saac.jpg','mmc',232),('W07','West 7 (W07)','','25.756098430248993','-80.38260522359798','','mmc',153),('W05','West 5 (W05)','West 5 is part of the West Complex that was established over 23 years of FIUs history (1970-2003).\r\n','25.755561673002354','-80.3820981851842','','mmc',95),('W06','West 6 (W06)','West 6 is part of the West Complex that was established over 23 years of FIUs history (1970-2003). It is home to one of the Athletics department training rooms.\r\n','25.755870829731496','-80.3821061212395','','mmc',122),('CCLC','Childrens Creative Learning Center (CCLC)','Established in 1975, the CCLC is a nationally accredited educational preschool for children 2.5 to 5 years old. The Center is a self supported University Auxiliary and a Department within the Division of Student Affairs.\r\n<br/><a href=\'http://children.fiu.edu/\'>Childrens Creative Learning Center</a>','25.756797503619016','-80.3820617166427','cclc.jpg','mmc',202),('W09','West 9 (W09)','West 9 is part of the West Complex that was established over 23 years of FIUs history (1970-2003). It is home to the Childrens Creative Learning Center (CCLC). There is also a pre-school here that is available for children of FIU students and employees.\r\n','25.756813009989525','-80.38264643073002','','mmc',135),('W10C','W10C-Support (W10C)','','25.756890530005812','-80.38293209876247','','mmc',113),('W10B','W10B- Support (W10B)','','25.756869682453992','-80.38320320244068','','mmc',133),('W10','W10-Support (W10)','West 10 is part of the West Complex that was established over 23 years of FIUs history (1970-2003). Visual Arts and Graduate Studios can be found here.\r\n','25.75691277880015','-80.3839016819731','','mmc',104),('W10A','ROTC-Reserve Officer Training Corps (W10A)','West 10A is part of the West Complex that was established over 23 years of FIUs history (1970-2003). It is home to the Army ROTC.\r\n','25.757256749707672','-80.38362261655305',NULL,'mmc',143),('CFES','Carlos Finlay Elementary School (CFES)','Carlos Finlay Elementary School is FIUs on-campus elementary school. Is is run by the FIU College of Education and the university as well as by Miami-Dade Public Schools.\r\n','25.75910189308224','-80.38139876087739','cfes.jpg','mmc',648),('WSTC','Womens Softball/Tennis Center (WS/TC)','Established in 2003, this area serves is the home of the FIU Womens Softball and Tennis teams. Grounds include a softball field and tennis courts that are open to students, employees and alumni. Hours: M-F 3PM - 9PM, Sat. 8AM  1PM, Sun. 9AM  1PM. Equipment is available for checkout.\r\n','25.75747463586961','-80.38170756533377','','mmc',106),('InformationCenter','Information Center','','25.759968918707337','-80.3764408314429','informationcenter.jpg','mmc',74),('AHC3','Academic Health Center 3 (AHC3)','Part of the Academic Health Sciences Complex, established in 2008, this building is home to classrooms and students labs, as well as a POD Mini-Market.','25.758780268359804','-80.3713084555418','ahc3.jpg','mmc',1122),('AHC2','Academic Health Center 2 (AHC2)','Part of the Academic Health Sciences Complex, established in 2008, this building is home to offices of the College of Medicine. Classrooms and students labs can also be found here.','25.75812532046762','-80.37124243427205','ahc2.jpg','mmc',769),('BH1','Bay Vista Housing (BH1)','Established in 1984 Bay Vista offers apartment style housing to students. Its amenities include: high speed internet, cable TV, full kitchens, and local phone service in each room.','25.913004268307997','-80.14085525072397','bh1.jpg','bbc',276),('MarineBiologyFishTanks','Marine Biology Fish Tanks','','25.91286688896158','-80.13824227963508','','bbc',48),('EL','Ecotoxicology Lab','','25.912839873289258','-80.13870228913481','','bbc',42),('M21N','M21N','Marine Biology Fish Tanks','25.91283643620015','-80.13841104520682','','bbc',53),('OR','Outdoor Recreation (OR)','','25.91190684402404','-80.13878177531424','','bbc',53),('LIB','Glenn Hubert Library (LIB)','Established in 1987 this building houses the library for the Biscayne Bay Campus. The Glenn Hubert Library features 3 stories of resources including the center for Excellence in Writing, classrooms, and computer labs.','25.91182979990329','-80.13992099267918','lib.jpg','bbc',363),('HCC','Health Care Center (HCC)','This building offers healthcare services available to students.','25.911875643296842','-80.14110987787528','hcc.jpg','bbc',155),('S01','Central Receiving (S01)','This building receives all incoming mail and delivers it throughout the campus. ','25.91228013470602','-80.14356376255053','','bbc',106),('S03A','Plant Support (S03A)','','25.912027569465963','-80.14390188245726','','bbc',16),('S022','Public Safety - BBC (S02)','This building houses the University Police Department for the Biscayne Bay Campus. The Police are available 24/7. In the event of an emergency dial 305-919-5911.','25.911967130874174','-80.14352057072975','','bbc',67),('S03','Physical Plant (S03)','This building provides infrastructure support for the Biscayne Bay Campus.','25.911555000497657','-80.1438816424613','','bbc',135),('S04','Grounds (S04)','','25.911545442116513','-80.14428942621831','','bbc',53),('HM','Hospitality Management (HM)','Established in 1976, this building houses the offices and the classrooms for the Top Ranked School of Hospitality and Tourism Management. This building also features the Southern Wine and Spirits Beverage Management Center as well as the Carnival Student Center.','25.9112735427497','-80.13803577496137','hm.jpg','bbc',315),('AQRC','Aquatic Center (AQ/RC)','Established in 1985, the newly renovated aquatic and recreation center offer a full gym, an Olympic-sized swimming pool, and a diving well for all students. ','25.910503973817995','-80.13804447380308','aq.jpg','bbc',283),('WUC','Wolfe University Center (WUC)','Established in 1980, The Wolfe University Center serves as the social center of the Biscayne campus. You can find offices for Student Services, Panther Square, The Mary Ann Wolfe Auditorium, the bookstore, the Wellness center, and a food court featuring Moes and Bleeker St.  Also found in this building are classrooms and computer labs for students.\r\n<br/><a href=\'http://shop.fiu.edu/onecard/index.html\'>FIU One Card</a>','25.91039877609623','-80.13887650965556','wuc.jpg','bbc',545),('AC1','Academic Center 1 (AC1)','Established in 1979, you can find the Financial aid office, the University learning center, the Admissions office, College of Arts and Sciences advising offices, along with classrooms and a computer lab.','25.9101196182092','-80.13961866757533','','bbc',388),('AC2','Academic Center 2 (AC2)','Established in 1983, this building is the home of the School of Journalism and Mass Communication (SJMC). The building features labs, classrooms, as well as offices for the SJMC.','25.90966799032354','-80.14028352828491','academic2.jpg','bbc',318),('MS','Marine Science (MS)','Established in 2004, this building houses the offices for the Marine Science program at FIU as well as classrooms ','25.90924516490133','-80.13839930861111','ms.jpg','bbc',258),('KCC','Roz & Cal Kovens Conference Center (KCC)','Established in 1996, the conference center provides a venue for various social functions and events.','25.907277819342774','-80.13865321564302','kcc.jpg','bbc',222),('MB01MB02','Wolfsonian Museum (MB01/MB02)','The Wolfsonian Museum is a division within FIU. It features a museum, library, and research center for the public and offers lectures, workshops, tours for visitors of all ages.','25.78095856841531','-80.13252548187269','wolfsonian.jpg','wolf',111),('Downtown','FIU Downtown on Brickell','FIU Downtown on Brickell will be home to several graduate programs in business, public administration and global governance, in addition to The Metropolitan Center, a public affairs center focused on economic development, land use, housing, and applied social research. <br/><br/>Located at:<br />1101 Brickell Ave<br />\r\nMiami, FL 33131<br />\r\n(305) 779-7870','25.76310595898423','-80.1911445053277','','Downtown',252),('TPC','Pines Center (TPC)','The Pines Center offers select high demand undergraduate and graduate degree programs. The center also offers non-credit programs. The building provides state of the art classrooms and computer labs for students.<br /><br />Located at:<br />17195 Sheridan Street<br />\r\nPembroke Pines, FL 33331<br />\r\n(954) 438-8600','26.031083431541052','-80.3760064780391','pines.jpg','pine',123),('EngineeringCenter','Engineering Center (EC)','The Engineering center sits on 38 acres of land and is less than 2 miles away from the Modesto Maidique Campus. It provides world class research centers and houses offices, classrooms and labs for the School of Engineering and Computer Sciences.<br /><br />Located at:<br/>10555 West Flagler Street<br/>\r\nMiami, FL 33175<br/>\r\n(305) 348-2522','25.7700080586164','-80.36768308389193','','eng',351),('SIPA','School of International and Public Affairs (SIPA)','Construction on the SIPA Building was completed in fall 2010. It is home to the School of International and Public Affairs offices, as well as various classrooms.<br/><a href=\'http://casgroup.fiu.edu/international/\'>SIPA</a>','25.756503794868262','-80.37604469444278','sipa.jpg','mmc',1307),('Soccer','FIU Soccer Stadium','This is the FIU Soccer Stadium','25.755788737035495','-80.38117844249729','','mmc',187),('Arimany_Dualitat','Dualitat - Elisa Arimany','Dualitat, 2004<br/>Cor-ten steel<br/>96 x 48 x 48 inches<br/>The Frost Art Museum<br/>Gift of Rosa Sugranes, Iberia<br/>Tile Corporation, FIU 2007.4','25.75362103269689','-80.37264341130951','',NULL,3),('Arimany_TheThirdRail','The Third Rail - Elisa Arimany','The Third Rail, 1990-91<br/>Cor-ten steel<br/>79 x 39 x 48 inches<br/>The Frost Art Museum<br/>Courtesy of the Artist<br/>FIU L91.1.EA','25.75360961383689','-80.372768249253','',NULL,1),('Averbuch_JourneysEnd','Journey&#39;s End - Ilan Averbuch','Journey&#39;s End, 1985<br/>Granite, wood, and steel<br/>144 x 480 x 78 inches<br/>The Frost Art Museum<br/>Gift of the Martin Z. Margulies<br/>Family Collection, FIU 97.27.1','25.75313854894796','-80.37215935756836','',NULL,3),('Caro_Caramel','Caramel - Anthony Caro','Caramel, 1975<br/>\r\nPainted steel<br/>\r\n58 x 60 x 35 inches<br/>\r\nThe Frost Art Museum - Gift of B. and Donald Carlin<br/>\r\nFIU 2004.25','25.75655156715506','-80.37490622640685','',NULL,12),('Garey_FireTree','Fire Tree - Adam Garey','Fire Tree, 2000<br/>Steel, stainless steel<br/>180 x 120 x 72 inches<br/>The Frost Art Museum<br/>Courtesy of the Artist<br/>FIU L2010.4<br/>','25.75457578925954','-80.37272562542712','',NULL,6),('Ginnever_ForthBridge','Forth Bridge - Charles Ginnever','Forth Bridge, 1979<br/>Cor-ten steel<br/>116 x 240 x 72 inches<br/>The Frost Art Museum<br/>Gift of Gloria and Leonard Luria<br/>in honor of Patricia Frost<br/>FIU 2004.24\r\n','25.75374253222321','-80.37269729093997','',NULL,0),('Henry_BlueStorm','Blue Storm - John Henry','Blue Storm, 1993<br/>Painted aluminum<br/>146 x 72 x 64 inches<br/>The Frost Art Museum<br/>Gift of the Jaffee Family<br/>FIU 2003.008.001','25.75403622309576','-80.37384274020205','',NULL,7),('Henry_Fan','Fan - John Henry','Fan, 1982<br/>Painted aluminum<br/>118 x 81 x 73 1/2 inches<br/>The Frost Art Museum<br/>Gift of Barbara S. Danielson<br/>FIU 96.10.1\r\n','25.75367942284452','-80.37310340850706','',NULL,1),('Lieberman_Argosy','Argosy - Alexander Liberman','Argosy, 1980<br/>Painted steel<br/>363 x 228 x 144 inches<br/>University Collection,<br/>Florida International University,<br/>Miami, Florida<br/>Gift of the Martin Z. Margulies<br/>Family Collection, UC 2008.9','25.75433552720991','-80.37007720146231','',NULL,2),('Lipchitz_Duluth','Duluth - Jacques Lipchitz','Duluth, n.d.<br/>Plaster<br/>117 1/2 x 80 x 45 inches<br/>The Frost Art Museum,<br/>Metropolitan Museum and Art<br/>Center Collection<br/>Gift of Jacques and Yulia<br/>Lipchitz Foudnation, New York,<br/>New York, MET 81.4.6','25.75445523653212','-80.3730589832429','',NULL,6),('Lipchitz_Hagar','Hagar - Jacques Lipchitz','Hagar, n.d.<br/>Plaster<br/>68 x 71 x 42 inches<br/>the Frost Art Museum<br/>Metropolitan Museum and Art<br/>Center Collection<br/>Gift of Jacques and Yulia<br/>Lipchitz Foundation, New York,<br/>New York, MET 81.4.6','25.75438850305876','-80.37305530599164','',NULL,2),('Lipchitz_OurTreeofLife','Our Tree of Life - Jacques Lipchitz','Our Tree of Life, 1973<br/>Bronze<br/>114 x 73 x 56 inches<br/>The Frost Art Museum,<br/>Metropolitan Museum and Art<br/>Center Collection<br/>Gift of Jacques and Yulia<br/>Lipchitz Foundation, New York,<br/>New York, MET 81.4.60','25.75587803849508','-80.37432440415385','',NULL,11),('Lukas_WaterStudy','Water Study - Emil Lukas','Water Study, 1994<br/>\r\nConcrete with saucer cups, glass panels<br/>\r\n6 1/4 x 91 1/2 x 36 inches<br/>\r\nThe Frost Art Museum - Courtesy of the Artist and Bravin Post Lee Gallery in honor of Martin Z. Margulies,<br/>\r\nFIU 95.02.01<br/>','25.7579540099559','-80.37441740713214','',NULL,10),('Martinez_AMeditation','A Meditation on the Possibilty of Romantic Love or... - Daniel Joseph Martinez','A Meditation on the Possibilty of Romantic Love or..., 2007<br/>Marble with steel base<br/>72 x 75 x 11 inches<br/>The Frost Art Museum<br/>Courtesy of Debra and Dennis<br/>Scholl, FIU L2010.2a,b<br/>','25.75370844689798','-80.37291612992833','',NULL,3),('Nejina_Energy','Energy - Barbara Nejina','Energy, 1974, recast 1988<br/>Concrete<br/>144 x 480 x 78 inches<br/>The Frost Art Museum<br/>Gift of Paul & Estelle Berg<br/>FIU 2002.008.003\r\n','25.75498984853863','-80.36953718644922','',NULL,2),('Rigaud_CompositionInDiamond','Composition in Diamond - Jean Claude Rigaud','Composition in Diamond,<br/>2004<br/>Polished stainless steel<br/>264 x 96 x 96 inches<br/>The Frost Art Museum<br/>Gift of the Artist, FIU 2008.3','25.75402480165197','-80.37269855933567','',NULL,1),('Tobin_SteelRoots','Steel Roots - Steve Tobin','Steel Roots, 2008<br/>Steel with a rust patina<br/>180 x 240 x 192 inches<br/>The Frost Art Museum<br/>Courtesy of the Artist<br/>FIU L2008.3.1','25.75351199589023','-80.3729853780911','',NULL,0),('Vrana_TheFourRaces','The Four Races - Albert Sinclair Vrana','The Four Races, 1978<br/>University Collection,<br/>Florida International University,<br/>Miami, Florida','25.75577008712084','-80.37372185999536','',NULL,2),('Whyman_TheForgetfulMan','The Forgetful Man - Jeff Whyman','The Forgetful Man, 1991<br/>Cor-ten steel, burnished<br/>enamel<br/>118 x 62 1/2 x 22 1/2 inches<br/>The Frost Art Museum<br/>Gift of Mr. & Mrs. Bernard<br/>Whyman, Oregon, FIU 95.03.01','25.75424122138213','-80.37293965964186','',NULL,1),('Zimmerman_BigTwister','Big Twister - Arnie Zimmerman','Big Twister, 1986<br/>Ceramic<br/>120 x 55 x 55 inches<br/>The Frost Art Museum<br/>Courtesy of the Artist<br/>FIU L2003.14','25.75479882566447','-80.37276483998065','',NULL,2),('Zimmerman_Clown','Clown - Arnie Zimmerman','Clown, 1986 Ceramic 120 x 55 x 55 inches The Frost Art Museum Courtesy of the Artist FIU L2003.16','25.7547557997015','-80.37276302368032','',NULL,0),('Zimmerman_Crane','Crane - Arnie Zimmerman','Crane, 1986<br/>Ceramic<br/>120 x 55 x 55 inches<br/>The Frost Art Museum<br/>Courtesy of the Artist<br/>FIU L2003.15\r\n','25.75470946487912','-80.37276304644863','',NULL,0),('Zimmerman_Untitled','Untitled - Arnie Zimmerman','Untitled, 1986<br/>Ceramic<br/>104 x 48 x 54 inches<br/>The Frost Art Museum<br/>Gift of Paul and Estelle Berg<br/>FIU 2002.008.001','25.75495755549981','-80.36969375503065','',NULL,2),('Rigaud_Whirlygig','Whirly-gig - Jean Cluade Rigaud','Whirly-gig, 2009<br/>Polished stainless steel<br/>242 x 48 x 48 inches<br/>The Frost Art Museum<br/>Courtesy of the Artist<br/>FIU L2008.2','25.75341927691875','-80.37362866294792','',NULL,0),('Rosenthal_MartysCube','Marty&#39;s Cube - Tony Rosenthal','Marty&#39;s Cube, 1983<br/>\r\nCor-ten steel<br/>\r\n168 x 137 x 137 inches<br/>\r\nUniversity Collection,<br/>\r\nFlorida International University,<br/>\r\nMiami, Florida<br/>Gift of the Martin Z. Margulies<br/>\r\nFamily Collection, UC 2008.10\r\n','25.75636896595804','-80.37437516295316','',NULL,9),('Stretch_Express','Express - Stretch','Express, 2004<br/>Steel, glass tubing, cast<br/>glass<br/>144 x 216 x 108 inches<br/>The Frost Art Museum<br/>Courtesy of the Artist<br/>FIU L2010.5.2','25.75501703828238','-80.37275411146875','',NULL,1),('Stretch_Maverick','Maverick - Stretch','Maverick, 1999<br/>Steel, cast glass<br/>204 x 168 x 72 inches<br/>The Frost Art Museum<br/>Courtesy of the Artist<br/>FIU L2010.5.1','25.75586028131215','-80.3733949689591','',NULL,4),('Thiele_Totem','Totem - Robert Thiele','Totem, 1987<br/>Cement<br/>87 x 9 1/4 x 10 inches<br/>The Frost Art Museum<br/>Gift of Paul and Estelle Berg<br/>FIU 2002.008.002\r\n','25.75454654953977','-80.37293766266168','',NULL,0),('Tobin_BoneWall','Bone Wall - Steve Tobin','Bone Wall, 2001<br/>Painted bronze<br/>144 x 420 x 48 inches<br/>The Frost Art Museum<br/>Courtesy of the Artist<br/>FIU L2003.22','25.75337833044296','-80.373321902838','',NULL,6),('Tobin_Roots','Roots - Steve Tobin','Roots, 2002<br/>Cast bronze & painted patina<br/>216 x 108 x 72 inches<br/>The Frost Art Museum<br/>Courtesy of the Artist<br/>FIU L2003.20','25.75377116315529','-80.37381236405857','',NULL,1),('Tobin_SteelRoots2','Steel Roots - Steve Tobin','Painted steel<br/>\r\n180 x 240 x 192 inches<br/>\r\nThe Frost Art Museum<br/>\r\nCourtesy of the Artist<br/>\r\nFIU L2008.3.2','25.75425602175318','-80.37262191375108','','mmc',1),('MBUS','Miami Beach Urban Studios','The Miami Beach Urban Studios also will be home to the newly established Office of Engaged Teaching, Scholarship, and Creative Activities, headed by Miami artist Xavier Cortada, who will work collaboratively with FIU faculty on initiatives to engage local businesses, artists, designers, cultural institutions, and governmental agencies. <br /><br />Located at :<br />\r\n420 Lincoln Rd<br />\r\nSuite 440<br />\r\nMiami Beach, FL 33139<br />','25.7892238839808','-80.1324549892031','','mbus',197);
/*!40000 ALTER TABLE `locations` ENABLE KEYS */;
UNLOCK TABLES;

--
-- Table structure for table `locations_tags`
--

DROP TABLE IF EXISTS `locations_tags`;
SET @saved_cs_client     = @@character_set_client;
SET character_set_client = utf8;
CREATE TABLE `locations_tags` (
  `id` int(11) NOT NULL auto_increment,
  `location_id` varchar(255) default NULL,
  `tag_id` int(11) default NULL,
  `permanency` tinyint(1) default '0',
  PRIMARY KEY  (`id`)
) ENGINE=MyISAM AUTO_INCREMENT=1450 DEFAULT CHARSET=latin1;
SET character_set_client = @saved_cs_client;

--
-- Dumping data for table `locations_tags`
--

LOCK TABLES `locations_tags` WRITE;
/*!40000 ALTER TABLE `locations_tags` DISABLE KEYS */;
INSERT INTO `locations_tags` VALUES (1274,'PGG',665,1),(708,'RC',383,1),(942,'DC',200,1),(999,'GL',521,1),(1281,'GC',222,1),(1300,'RC',129,1),(169,'FIUS',128,1),(1010,'RC',525,1),(1285,'PG5',160,1),(645,'FIUS',346,1),(1246,'GL',655,1),(184,'FIUS',139,1),(1356,'GC',521,1),(1355,'PG5',521,1),(1236,'PG5',154,1),(438,'FIUS',212,1),(1242,'PGP',651,0),(1358,'BH1',521,1),(402,'DC',199,1),(1307,'GPA',447,1),(1275,'PGG',666,1),(439,'FIUS',213,1),(440,'BBS',139,1),(441,'BBS',211,1),(442,'BBS',212,1),(1247,'GL',125,1),(948,'UHSC',496,1),(1406,'MBUS',694,1),(1078,'UHSC',576,1),(946,'UHSC',285,1),(1259,'GC',141,1),(864,'EH',456,0),(985,'WUC',517,1),(752,'PH',412,1),(1243,'CBC',652,1),(922,'UT',475,0),(712,'RC',387,1),(1277,'GC',223,1),(787,'RC',220,0),(1276,'PGG',667,1),(983,'WUC',220,0),(1257,'GC',123,1),(1402,'PGP',693,0),(1176,'PGR',282,1),(984,'WUC',221,1),(1359,'LIB',521,1),(990,'GL',518,1),(494,'FIUS',257,1),(1265,'GC',326,1),(1284,'PG5',370,1),(1282,'GC',669,1),(699,'RH',377,0),(1289,'PGR',667,1),(1303,'RC',680,1),(507,'RH',258,1),(508,'RH',268,1),(701,'RH',269,0),(511,'GPA',271,0),(700,'RH',378,0),(1267,'GC',150,1),(1244,'CBC',653,1),(1104,'RC',225,1),(1279,'GC',265,1),(748,'GPA',362,1),(1269,'GC',662,1),(535,'BH1',284,1),(536,'LVN',283,1),(537,'LVN',284,1),(539,'LVS',284,1),(540,'EH',283,1),(541,'EH',284,1),(1438,'PG5',256,0),(543,'PH',284,1),(1401,'GL',692,0),(1280,'GC',336,1),(1262,'GC',660,1),(1360,'WUC',521,1),(996,'RDB',521,1),(1245,'UT',654,1),(561,'WPAC',296,1),(1197,'PG5',158,1),(564,'W03',299,0),(565,'W03',300,0),(566,'WPAC',301,1),(568,'PPFAM',217,1),(570,'PPFAM',303,1),(571,'MARC',304,1),(572,'MARC',305,1),(574,'W01C',217,0),(575,'AS',217,0),(576,'CCLC',307,1),(1261,'GC',499,1),(1186,'GC',325,1),(1263,'GC',224,1),(1408,'MBUS',696,1),(585,'UA11',313,0),(1437,'PG5',708,0),(1268,'GC',152,1),(591,'MARC',315,0),(978,'AHC1',516,0),(1235,'PG5',157,1),(1106,'WUC',225,1),(1325,'UT',283,1),(762,'UT',284,1),(1224,'PG5',501,1),(1264,'GC',225,1),(601,'RC',318,1),(1446,'PC',237,1),(603,'',319,0),(604,'',320,0),(605,'W10A',321,0),(1436,'PG5',707,0),(1432,'PGR',622,0),(608,'RH',323,1),(1271,'PGB',285,1),(997,'UT',521,1),(1260,'GC',142,1),(618,'UHSC',330,1),(1107,'WUC',579,1),(750,'EH',410,1),(623,'RC',333,1),(1363,'RC',692,1),(626,'MARC',335,1),(627,'LIB',214,1),(1306,'GPA',261,1),(1219,'MARC',612,1),(1226,'PG5',641,1),(1308,'PC',260,1),(1286,'PG5',161,1),(1407,'MBUS',695,1),(993,'UT',517,1),(661,'W01',349,0),(662,'W01',350,0),(1098,'UT',225,1),(1099,'UT',579,1),(871,'GPA',272,1),(1225,'PG5',249,1),(670,'LIB',356,1),(671,'LIB',260,1),(751,'EH',411,1),(1270,'GC',227,1),(1448,'CSC',492,0),(1362,'CBC',692,1),(1222,'PG5',499,1),(1238,'PG5',156,1),(1037,'DC',389,0),(749,'EH',409,1),(982,'WUC',520,1),(1248,'GC',153,1),(1239,'AQRC',648,1),(986,'WUC',519,1),(1202,'PG5',629,1),(1272,'PGB',663,1),(838,'UA10',438,0),(1399,'GL',642,0),(759,'WPAC',286,0),(1198,'PG5',159,1),(1237,'PG5',647,1),(1305,'RC',447,1),(1249,'GC',108,1),(1361,'GC',228,1),(1258,'GC',124,1),(938,'GH1',491,1),(1273,'PGB',664,1),(1014,'LVS',452,1),(1266,'GC',661,1),(1357,'PGG',521,1),(1223,'PG5',500,1),(1301,'RC',261,1),(1304,'CBC',447,1),(1309,'PC',258,1),(1310,'PC',112,1),(1447,'PC',238,1),(1313,'PC',236,1),(1314,'PC',681,1),(1315,'PGB',282,1),(1316,'PGG',282,1),(1317,'PGG',518,1),(1318,'PG5',282,1),(1319,'PG5',390,1),(1403,'PGP',282,1),(1364,'AHC1',246,1),(1323,'LVS',283,1),(1324,'PH',283,1),(1326,'SIPA',225,1),(1327,'CBC',225,1),(1328,'GL',225,1),(1329,'UT',682,1),(1330,'GL',682,1),(1377,'UA3',283,1),(1334,'AHC2',245,1),(1335,'SIPA',682,1),(1336,'GC',682,1),(1376,'UA2',284,1),(1375,'UA2',283,1),(1374,'UA1',284,1),(1373,'UA1',283,1),(1342,'RDB',287,1),(1343,'WPAC',294,1),(1344,'WPAC',295,1),(1345,'BH1',283,1),(1346,'PG5',225,1),(1347,'GH2',472,1),(1348,'TPC',688,1),(1349,'WC',689,1),(1350,'WC',690,1),(1351,'MB01MB02',217,1),(1352,'GC',219,1),(1353,'WUC',219,1),(1365,'AHC1',249,1),(1366,'AHC1',235,1),(1367,'AHC1',252,1),(1368,'AHC3',682,1),(1369,'AHC3',225,1),(1370,'AHC3',246,1),(1420,'WSTC',212,0),(1372,'AHC3',548,1),(1378,'UA3',284,1),(1379,'UA4',283,1),(1380,'UA4',284,1),(1381,'UA8',283,1),(1382,'UA8',284,1),(1383,'UA6',283,1),(1384,'UA6',284,1),(1385,'UA9',283,1),(1386,'UA9',284,1),(1387,'UA10',283,1),(1388,'UA10',284,1),(1389,'UA12',283,1),(1390,'UA12',284,1),(1391,'UA5',283,1),(1392,'UA5',284,1),(1393,'UA7',283,1),(1394,'UA7',284,1),(1395,'UA11',283,1),(1396,'UA11',284,1),(1398,'GL',214,0),(1421,'CP',581,0),(1409,'MBUS',697,1),(1410,'Downtown',698,1),(1411,'Downtown',699,1),(1412,'PC',700,1),(1414,'PC',701,1),(1415,'PC',702,1),(1449,'OE',711,0),(1426,'AC1',595,0),(1427,'AC1',169,0),(1428,'PGB',401,0),(1429,'PGG',494,0),(1430,'PGP',220,0),(1431,'PGP',402,0),(1435,'PCA',549,0);
/*!40000 ALTER TABLE `locations_tags` ENABLE KEYS */;
UNLOCK TABLES;

--
-- Table structure for table `tags`
--

DROP TABLE IF EXISTS `tags`;
SET @saved_cs_client     = @@character_set_client;
SET character_set_client = utf8;
CREATE TABLE `tags` (
  `id` int(11) NOT NULL auto_increment,
  `title` varchar(255) default NULL,
  PRIMARY KEY  (`id`)
) ENGINE=MyISAM AUTO_INCREMENT=712 DEFAULT CHARSET=latin1;
SET character_set_client = @saved_cs_client;

--
-- Dumping data for table `tags`
--

LOCK TABLES `tags` WRITE;
/*!40000 ALTER TABLE `tags` DISABLE KEYS */;
INSERT INTO `tags` VALUES (105,'kathleen'),(106,'watson'),(107,'einsteins'),(108,'bustelo'),(109,'food-court'),(110,'asd'),(111,'einseins'),(112,'admissions'),(113,'something'),(114,'dark'),(115,'side'),(116,'foo'),(117,'faa'),(118,'fee'),(119,'coffee'),(120,'externalrealtions'),(121,'fda'),(122,'bk'),(123,'burger'),(124,'king'),(125,'starbucks'),(126,'book'),(127,'store'),(128,'football'),(129,'gym'),(130,'workout'),(131,'math'),(132,'computer'),(133,'labs'),(134,'chicken'),(135,'nuggets'),(136,'and'),(137,'cream'),(138,'fiu'),(139,'athletics'),(140,'burgerking'),(141,'pollo'),(142,'tropical'),(143,'is'),(144,'the'),(145,'best'),(146,'bomb'),(147,'\"burger'),(148,'king\"'),(149,'gher'),(150,'jamba'),(151,'santi\'s'),(152,'juice'),(153,'gamestop'),(154,'papa'),(155,'johns'),(156,'chick-fil-a'),(157,'moe\'s'),(158,'dunkin'),(159,'donuts'),(160,'salad'),(161,'creations'),(162,'moes'),(163,'ass'),(164,'webcommunications'),(165,'gtf'),(166,'fuck'),(167,'as'),(168,'1'),(169,'2'),(170,'3'),(171,'4'),(172,'5'),(173,'6'),(174,'7'),(175,'8'),(176,'9'),(177,'0'),(178,'11'),(179,'f'),(180,'u'),(181,'c'),(182,'k'),(183,'f-u-c-k'),(184,'f-*-c-k'),(185,'f-2-c-k'),(186,'fck'),(187,'asshole'),(188,'cuntnugget'),(189,'cunt'),(190,'clusterfuck'),(191,'c-l-u-sterfuck'),(192,'vulva'),(193,'popcorn'),(194,'cheese'),(195,'sd'),(196,'soup'),(197,'456'),(198,'noodle'),(199,'businessservices'),(200,'obs'),(201,'c*nt'),(202,'qwrert'),(203,'weqqw'),(204,'asdf'),(205,'asfdkjh'),(206,'asdjkfh'),(207,'glory'),(208,'hole'),(209,'gloryhole'),(210,'superman'),(211,'sports'),(212,'field'),(213,'stadium'),(214,'library'),(215,'business'),(216,'gc'),(217,'art'),(218,'gallery'),(219,'bookstore'),(220,'panther'),(221,'id'),(222,'spa'),(223,'santi'),(224,'fresh'),(225,'food'),(226,'einstiens'),(227,'bagels'),(228,'subway'),(229,'ballrooms'),(230,'bustello'),(231,'human'),(232,'resources'),(233,'graduate'),(234,'earth'),(235,'sciences'),(236,'registrar'),(237,'financial'),(238,'aid'),(239,'enrollment'),(240,'services'),(241,'veterans'),(242,'office'),(243,'honors'),(244,'college'),(245,'medicine'),(246,'nursing'),(247,'ahc2'),(248,'ahc1'),(249,'health'),(250,'urban'),(251,'affairs'),(252,'public'),(253,'administration'),(254,'gl'),(255,'graham'),(256,'center'),(257,'cage'),(258,'president'),(259,'governmental'),(260,'provost'),(261,'basketball'),(262,'campuslife'),(263,'studentaffairs'),(264,'studentgovernment'),(265,'salon'),(266,'chili\'s'),(267,'breezeway'),(268,'rosenberg'),(269,'house'),(270,'arena'),(271,'womens'),(272,'volleyball'),(273,'mover'),(274,'note:not-the-ceas-building-this-belongs-in-basic-description'),(275,'career'),(276,'externalrelations'),(277,'accounting'),(278,'blah'),(279,'ocean'),(280,'bank'),(281,'auditorium'),(282,'parking'),(283,'dorm'),(284,'housing'),(285,'university'),(286,'school'),(287,'law'),(288,'lawlibrary'),(289,'goldenpantherarena'),(290,'event'),(291,'global'),(292,'learning'),(293,'initiatives'),(294,'music'),(295,'theatre'),(296,'concerts'),(297,'plays'),(298,'events'),(299,'key'),(300,'control'),(301,'carta'),(302,'mueum'),(303,'museum'),(304,'alumni'),(305,'research'),(306,'web'),(307,'daycare'),(308,'day'),(309,'care'),(310,'education'),(311,'tower'),(312,'frat'),(313,'apartments'),(314,'fiuonline'),(315,'online'),(316,'utilities'),(317,'doctor'),(318,'rec'),(319,'sipa'),(320,'cas'),(321,'rotc'),(322,'army'),(323,'rrh'),(324,'humanresources'),(325,'chilis'),(326,'sushi'),(327,'books'),(328,'counseling'),(329,'psychologist'),(330,'crisis'),(331,'wellness'),(332,'tropicalsmoothie'),(333,'smoothie'),(334,'gis'),(335,'osra'),(336,'waves'),(337,'soccer'),(338,'baseball'),(339,'cars'),(340,'tailgating!'),(341,'honorscollege'),(342,'eat'),(343,'joes'),(344,'party'),(345,'central'),(346,'tailgating'),(347,'campus'),(348,'life'),(349,'sculpture'),(350,'studio'),(351,'vehicle'),(352,'scripps'),(353,'lab'),(354,'sjmc'),(355,'sjmcstudentresourcecenter'),(356,'vice'),(357,'writing'),(358,'excellence'),(359,'teaching'),(360,'social'),(361,'work'),(362,'graduation'),(363,'advising'),(364,'panthersoft'),(365,'atm'),(366,'fpl'),(367,'mediarelations'),(368,'medical'),(369,'test'),(370,'freshens'),(371,'pollotropical'),(372,'hair'),(373,'nail'),(374,'panthermover'),(375,'nurules'),(376,'carwash'),(377,'rh'),(378,'reagan'),(379,'student'),(380,'idcards'),(381,'writtingexcellence'),(382,'papajohns'),(383,'recreation'),(384,'pantherfit'),(385,'exercise'),(386,'adventure'),(387,'fitness'),(388,'trainers'),(389,'shop.fiu.edu'),(390,'police'),(391,'cesmec'),(392,'photolab'),(393,'stable'),(394,'isotope'),(395,'stableisotopelab'),(396,'dance'),(397,'sustainability'),(398,'gogreen.fiu.edu'),(399,'history'),(400,'department'),(401,'blue'),(402,'park'),(403,'ssd'),(404,'venue'),(405,'financialaid'),(406,'jambajuice'),(407,'beer'),(408,'saladcreations'),(409,'single'),(410,'rooms'),(411,'kitchen'),(412,'freshman'),(413,'isss'),(414,'international'),(415,'mpas'),(416,'aaa'),(417,'tutorial'),(418,'worst'),(419,'pltl'),(420,'biology'),(421,'tv'),(422,'robert'),(423,'stempel'),(424,'sta'),(425,'weddings'),(426,'meetings'),(427,'conferences'),(428,'luncheons'),(429,'fit'),(430,'government'),(431,'writting'),(432,'external'),(433,'relations'),(434,'media'),(435,'golden'),(436,'photo'),(437,'transfer'),(438,'upa'),(439,'metro'),(440,'pine'),(441,'information'),(442,'study_space'),(443,'final'),(444,'intro'),(445,'evr'),(446,'lec'),(447,'shower'),(448,'spanish'),(449,'class'),(450,'year'),(451,'exp'),(452,'freshmen'),(453,'job'),(454,'english'),(455,'ecs'),(456,'home'),(457,'chick'),(458,'fil'),(459,'sls'),(460,'jccl'),(461,'hpdrc'),(462,'security'),(463,'lockers'),(464,'kevin'),(465,'gonzalez'),(466,'jeff'),(467,'fermin'),(468,'coffe'),(469,'pi'),(470,'kapp'),(471,'pikapp'),(472,'pike'),(473,'scholars'),(474,'leaders'),(475,'athletes'),(476,'gentlemen'),(477,'travis'),(478,'frew'),(479,'players'),(480,'meatheads'),(481,'lordadamjohnson'),(482,'ice'),(483,'fraternity'),(484,'tfm'),(485,'tsm'),(486,'icecream'),(487,'aepi'),(488,'arts'),(489,'economics'),(490,'sociocultural'),(491,'fiji'),(492,'csc'),(493,'sabrena'),(494,'gold'),(495,'ahc'),(496,'complex'),(497,'(immunization'),(498,'101)'),(499,'faculty'),(500,'group'),(501,'practice'),(502,'physicians'),(503,'healthcare'),(504,'ziff'),(505,'enc'),(506,'447'),(507,'spc'),(508,'117'),(509,'sustainabilty'),(510,'wynne'),(511,'dept.'),(512,'primera'),(513,'casa'),(514,'orientation'),(515,'dr.'),(516,'camps'),(517,'fiuonecard'),(518,'onecard'),(519,'panthercard'),(520,'card'),(521,'valuport'),(522,'hls'),(523,'hls1'),(524,'aerobics'),(525,'intramurals'),(526,'steroids'),(527,'date'),(528,'rape'),(529,'august'),(530,'17'),(531,'8am'),(532,'kappa'),(533,'phi'),(534,'pikappaphifraternityhouse'),(535,'sorority'),(536,'icecreamsocials'),(537,'pigs'),(538,'vania'),(539,'sweatymen'),(540,'champions'),(541,'guidos'),(542,'betty'),(543,'chapman'),(544,'plaza'),(545,'eng'),(546,'oe'),(547,'environmental'),(548,'science'),(549,'pca'),(550,'ballroom'),(551,'medschl'),(552,'computr'),(553,'data'),(554,'analys-thurs'),(555,'12:30-1:45-thurs'),(556,'12:30-1:45-tues'),(557,'11-11:50-mwf'),(558,'5-6-mon'),(559,'10-10:50-mwf'),(560,'2-3:15-tu/thurs'),(561,'11-12:15-tu/thurs'),(562,'rm'),(563,'csc410'),(564,'117th'),(565,'ave'),(566,'14th'),(567,'street'),(568,'1101'),(569,'12-12:45'),(570,'pcb'),(571,'2099l'),(572,'5-7:50'),(573,'mgf'),(574,'1106'),(575,'7:50-9'),(576,'vac'),(577,'tuesday'),(578,'3:30-4:45'),(579,'dining'),(580,'registrat'),(581,'cp'),(582,'115'),(583,'study'),(584,'space'),(585,'evolution'),(586,'jazz'),(587,'anthropology'),(588,'photography'),(589,'bsc'),(590,'1010'),(591,'room:'),(592,'125'),(593,'green'),(594,'architecture'),(595,'building'),(596,'psy'),(597,'mo'),(598,'wed'),(599,'fr'),(600,'12:30'),(601,'-'),(602,'1:45'),(603,'chemlec'),(604,'chemlab'),(605,'anatomy-'),(606,'1-'),(607,'statistics-class'),(608,'2-'),(609,'2:00'),(610,'chem'),(611,'physics'),(612,'marc'),(613,'sow'),(614,'3203'),(615,'102'),(616,'3403'),(617,'438'),(618,'acm@280'),(619,'plug@280'),(620,'statistic'),(621,'wednesday'),(622,'red'),(623,'garage'),(624,'340'),(625,'tue/thur'),(626,'12:00-1:45'),(627,'2-4:45'),(628,'565'),(629,'safety'),(630,'5344'),(631,'5105'),(632,'5235'),(633,'5404'),(634,'adam'),(635,'ventura'),(636,'room'),(637,'131'),(638,'100'),(639,'120'),(640,'1100'),(641,'clinic'),(642,'miro\'s'),(643,'bbq'),(644,'(kosher)'),(645,'p.o.d.'),(646,'grill'),(647,'john\'s'),(648,'pool'),(649,'diving'),(650,'gaby'),(651,'gogreen'),(652,'java'),(653,'city'),(654,'pod'),(655,'express'),(656,'freshfood'),(657,'einsteinbros'),(658,'suhimaki'),(659,'facultyclub'),(660,'club'),(661,'maki'),(662,'einstein'),(663,'credit'),(664,'union'),(665,'wells'),(666,'fargo'),(667,'prontowash'),(668,'salom'),(669,'barnes'),(670,'pronto'),(671,'wash'),(672,'pantherlinuxusergroup'),(673,'plug'),(674,'pc521'),(675,'team'),(676,'lms'),(677,'drive'),(678,'kosher'),(679,'court'),(680,'tropical_smoothie'),(681,'concierge'),(682,'market'),(683,'medcine'),(684,'facilities'),(685,'receiving'),(686,'risk'),(687,'custodial'),(688,'broward'),(689,'plants'),(690,'greenhouse'),(691,'miro'),(692,'locker'),(693,'metered'),(694,'420'),(695,'lincoln'),(696,'road'),(697,'rd'),(698,'brickell'),(699,'downtown'),(700,'bursar\'s'),(701,'bursar'),(702,'bursars'),(703,'behavioral'),(704,'softball'),(705,'310'),(706,'ahc3-436'),(707,'emergency'),(708,'operations'),(709,'foundation'),(710,'inc.'),(711,'134');
/*!40000 ALTER TABLE `tags` ENABLE KEYS */;
UNLOCK TABLES;

--
-- Table structure for table `variables`
--

DROP TABLE IF EXISTS `variables`;
SET @saved_cs_client     = @@character_set_client;
SET character_set_client = utf8;
CREATE TABLE `variables` (
  `id` int(11) NOT NULL auto_increment,
  `type` int(11) default NULL,
  `owner` varchar(255) default NULL,
  `data` varchar(255) default NULL,
  PRIMARY KEY  (`id`)
) ENGINE=MyISAM AUTO_INCREMENT=453 DEFAULT CHARSET=latin1;
SET character_set_client = @saved_cs_client;

--
-- Dumping data for table `variables`
--

LOCK TABLES `variables` WRITE;
/*!40000 ALTER TABLE `variables` DISABLE KEYS */;
INSERT INTO `variables` VALUES (49,1,'Martinez_AMeditation','./images/art/Martinez_AMeditation.JPG'),(24,1,'Rosenthal_MartysCube','./images/art/Rosenthal_MartysCube.JPG'),(26,1,'Vrana_TheFourRaces','./images/art/Vrana_TheFourRaces.JPG'),(25,1,'Lipchitz_OurTreeofLife','./images/art/Lipchitz_OurTreeofLife.JPG'),(27,1,'Stretch_Maverick','./images/art/Stretch_Maverick.JPG'),(36,1,'Stretch_Express','./images/art/Stretch_Express.JPG'),(37,1,'Zimmerman_BigTwister','./images/art/Zimmerman_BigTwister.JPG'),(38,1,'Zimmerman_Clown','./images/art/Zimmerman_Clown.jpg'),(39,1,'Zimmerman_Crane','./images/art/Zimmerman_Crane.JPG'),(40,1,'Garey_FireTree','./images/art/Garey_FireTree.JPG'),(41,1,'Thiele_Totem','./images/art/Thiele_Totem.JPG'),(42,1,'Lipchitz_Duluth','./images/art/Lipchitz_Duluth.JPG'),(43,1,'Lipchitz_Hagar','./images/art/Lipchitz_Hagar.jpg'),(44,1,'Whyman_TheForgetfulMan','./images/art/Whyman_TheForgetfulMan.JPG'),(45,1,'Rigaud_CompositionInDiamond','./images/art/Rigaud_CompositionInDiamond.JPG'),(46,1,'Ginnever_ForthBridge','./images/art/Ginnever_ForthBridge.JPG'),(47,1,'Arimany_Dualitat','./images/art/Arimany_Dualitat.JPG'),(48,1,'Arimany_TheThirdRail','./images/art/Arimany_TheThirdRail.JPG'),(50,1,'Tobin_SteelRoots','./images/art/Tobin_SteelRoots.JPG'),(51,1,'Henry_Fan','./images/art/Henry_Fan.JPG'),(52,1,'Tobin_BoneWall','./images/art/Tobin_BoneWall.jpg'),(53,1,'Rigaud_Whirlygig','./images/art/Rigaud_Whirlygig.JPG'),(54,1,'Tobin_Roots','./images/art/Tobin_Roots.JPG'),(449,1,'Henry_BlueStorm','./images/art/Henry_BlueStorm.JPG'),(56,1,'Averbuch_JourneysEnd','./images/art/Averbuch_JourneysEnd.jpg'),(57,1,'Lieberman_Argosy','./images/art/Lieberman_Argosy.jpg'),(58,1,'Nejina_Energy','./images/art/Nejina_Energy.JPG'),(59,1,'Zimmerman_Untitled','./images/art/Zimmerman_Untitled.JPG'),(62,1,'Caro_Caramel','./images/art/Caro_Caramel.JPG'),(394,1,'GL','http://farm3.static.flickr.com/2407/2048424920_57be82cf6c.jpg'),(354,1,'SIPA','http://farm6.static.flickr.com/5124/5353155648_77e96c25ea.jpg'),(353,1,'SIPA','http://farm6.static.flickr.com/5288/5352550839_c347a3f3b2.jpg'),(352,1,'SIPA','http://farm6.static.flickr.com/5242/5353158538_ba743eaeb3.jpg'),(351,1,'SIPA','http://farm6.static.flickr.com/5282/5352547295_f412953fd1.jpg'),(350,1,'SIPA','http://farm6.static.flickr.com/5087/5352545897_c2a3af24b6.jpg'),(399,2,'ECS','GQwn8ZqIbNo'),(416,1,'RDB','http://farm4.static.flickr.com/3484/3304009683_d6fc48ea4a.jpg'),(199,1,'HM','http://farm3.static.flickr.com/2404/3542788240_beac882b5a.jpg'),(96,1,'MS','http://farm2.static.flickr.com/1038/3171336046_93c18630f1.jpg'),(343,1,'GH1','http://farm3.static.flickr.com/2050/2182383867_86e8f6960d.jpg'),(321,1,'FIUS','http://farm6.static.flickr.com/5056/5387564667_9b19669e76.jpg'),(307,1,'AQRC','http://farm3.static.flickr.com/2800/4423517430_c88ce0b8af.jpg'),(306,1,'AQRC','http://farm5.static.flickr.com/4003/4422742833_615d059cf4.jpg'),(305,1,'AQRC','http://farm5.static.flickr.com/4059/4423503208_197d0856cb.jpg'),(304,1,'AQRC','http://farm5.static.flickr.com/4067/4423499892_6f9df3150e.jpg'),(303,1,'AQRC','http://farm5.static.flickr.com/4010/4423495766_9722fb0fa4.jpg'),(302,1,'AQRC','http://farm5.static.flickr.com/4061/4422726105_5c3a0e271a.jpg'),(357,1,'UT','http://farm3.static.flickr.com/2232/2198991085_1b24880c14.jpg'),(292,1,'GPA','http://farm3.static.flickr.com/2043/2199782660_7690b988c2.jpg'),(291,1,'GPA','http://farm3.static.flickr.com/2733/4115056011_e1274f97a7.jpg'),(329,1,'MARC','http://farm3.static.flickr.com/2144/2199969964_e5531b417b.jpg'),(328,1,'MARC','http://farm3.static.flickr.com/2462/3750656854_01e3d04fdf.jpg'),(365,1,'LIB','http://farm3.static.flickr.com/2449/3542788964_81a535b27a.jpg'),(198,1,'HM','http://farm3.static.flickr.com/2358/2199177973_65462624bb.jpg'),(93,1,'AC1','http://farm3.static.flickr.com/2104/3541979801_c93d55ce66.jpg'),(421,1,'GC','http://farm3.static.flickr.com/2239/2231076272_481cc3247d.jpg'),(97,1,'MS','http://farm3.static.flickr.com/2296/3542784178_c4708e73f5.jpg'),(366,1,'WUC','http://farm3.static.flickr.com/2023/3541976729_5f83f41c3b.jpg'),(154,1,'AC2','http://farm4.static.flickr.com/3188/2884862681_1966f1d500.jpg'),(339,1,'PPFAM','http://farm4.static.flickr.com/3235/2736384452_8e52f4a8fd.jpg'),(338,1,'PPFAM','http://farm4.static.flickr.com/3248/3073962731_dcfc704bed.jpg'),(337,1,'PPFAM','http://farm4.static.flickr.com/3106/2736384366_1057fdf02c.jpg'),(325,1,'WPAC','http://farm3.static.flickr.com/2655/3860414642_8c1e03d692.jpg'),(342,1,'GH1','http://farm2.static.flickr.com/1082/3171339416_f7c35c3627.jpg'),(344,1,'GH2','http://farm3.static.flickr.com/2345/2183169788_19accbeb78.jpg'),(393,1,'GL','http://farm6.static.flickr.com/5109/5589035998_bca85d5f9f.jpg'),(327,1,'MARC','http://farm3.static.flickr.com/2566/3750656874_123c54be7e.jpg'),(420,1,'GC','http://farm3.static.flickr.com/2294/2180792713_270981f0ca.jpg'),(326,1,'LVN','http://farm3.static.flickr.com/2191/2181580566_3854f6598c.jpg'),(381,1,'CBC','http://farm4.static.flickr.com/3552/3859628389_0b53b7b2e6.jpg'),(349,1,'RH','http://farm4.static.flickr.com/3211/3028334698_8f9c6a9f0b.jpg'),(320,1,'FIUS','http://farm3.static.flickr.com/2275/2476115719_599e72b15d.jpg'),(132,1,'PCA','http://farm4.static.flickr.com/3225/3049016916_843c78afe8.jpg'),(133,1,'PCA','http://farm4.static.flickr.com/3136/3049018946_a9dc4fea71.jpg'),(134,1,'PCA','http://farm3.static.flickr.com/2144/2199177445_a02f95a511.jpg'),(380,1,'CBC','http://farm4.static.flickr.com/3487/3860412584_ba9a71b63a.jpg'),(412,1,'RC','http://farm3.static.flickr.com/2241/2243752069_a774acb2e5.jpg'),(142,1,'ZEB','http://farm4.static.flickr.com/3217/3049017420_aa4befe91c.jpg'),(379,1,'CBC','http://farm4.static.flickr.com/3180/3048177155_1ab6039770.jpg'),(415,1,'RDB','http://farm4.static.flickr.com/3223/3048177371_d4368d988b.jpg'),(341,1,'GH1','http://farm3.static.flickr.com/2051/2183170406_0e0b7e4ebc.jpg'),(423,1,'AHC2','http://farm3.static.flickr.com/2332/2198329160_ef9d5ac46d.jpg'),(155,1,'AC2','http://farm4.static.flickr.com/3188/2884862681_1966f1d500.jpg'),(318,1,'FIUS','http://farm4.static.flickr.com/3155/2950065104_d3d6101860.jpg'),(414,1,'RDB','http://farm2.static.flickr.com/1057/3170507579_9491c734ee.jpg'),(290,1,'GPA','http://farm4.static.flickr.com/3309/3304836916_598ec8acab.jpg'),(418,1,'UHSC','http://farm4.static.flickr.com/3431/3746529850_da2a817f5b.jpg'),(167,1,'AS','http://farm5.static.flickr.com/4030/4454605115_453c1f7382.jpg'),(168,1,'NOAA','http://farm3.static.flickr.com/2756/4454604981_47dc2164c3.jpg'),(378,1,'CBC','http://farm4.static.flickr.com/3055/2949362031_2fbbaa3c9f.jpg'),(377,1,'CBC','http://farm3.static.flickr.com/2198/2243751657_3076078b14.jpg'),(324,1,'WPAC','http://farm3.static.flickr.com/2419/2199782618_0622b7d957.jpg'),(192,1,'CFES','http://farm5.static.flickr.com/4046/4464717703_e79d478e5c.jpg'),(367,1,'PG5','http://www.pgal.com/media/portfolio/FIUP_E_AD_IMG_1193F_1.jpg'),(396,1,'VH','http://farm3.static.flickr.com/2721/4465494642_b521a5f1ae.jpg'),(403,1,'CP','http://farm5.static.flickr.com/4056/4465494782_53ceedcf0f.jpg'),(401,1,'OE','http://farm7.static.flickr.com/6037/5892183736_e638f5326d.jpg'),(358,1,'WC','http://farm3.static.flickr.com/2021/2491762789_6e51ff4b73.jpg'),(319,1,'FIUS','http://farm3.static.flickr.com/2414/2180792639_4061e994fd.jpg'),(200,2,'HM','hLDA-YpeuAw'),(409,2,'AHC1','PMUzgKI9XEE'),(336,1,'PPFAM','http://farm3.static.flickr.com/2403/2197617893_1a08b1ac6d.jpg'),(400,1,'OE','http://farm5.static.flickr.com/4027/4465495122_5dd72e7545.jpg'),(317,1,'FIUS','http://farm4.static.flickr.com/3042/3027500883_8f93ace260.jpg'),(369,2,'PG5','fgpjWlj7DyY'),(452,2,'PC','sq285qRavIM'),(322,2,'FIUS','Gy1yFhfAQzo'),(368,1,'PG5','http://www.pgal.com/media/portfolio/FIUP_E_BV_IMG_2022PF_1.jpg'),(340,2,'PPFAM','ysSAFoZehRs'),(359,2,'WC','fTFKjSckvfE'),(360,2,'WC','iYo-0kjfr50'),(398,1,'ECS','http://farm4.static.flickr.com/3285/2950213466_89549202fe.jpg'),(392,2,'DM','cvCwDCk1-aU'),(391,2,'DM','T9pdrVGiACw'),(451,1,'PC','http://farm3.static.flickr.com/2124/2200619156_33cc582341.jpg'),(395,2,'GL','0ZHIqXC5_ew'),(397,2,'VH','HCRwfVcPbC4'),(402,2,'OE','ieavuFnx5ts'),(404,2,'CP','PMUzgKI9XEE'),(408,1,'AHC1','http://farm5.static.flickr.com/4027/4465494974_1a854c19b5.jpg'),(410,2,'AHC1','2CxrutoJHug'),(411,2,'RB','L3lRugjPqz0'),(413,2,'RC','QbVAOL4CPSs'),(417,2,'RDB','sfgZxvOtcN8'),(419,2,'UHSC','S6nyJiDYQ_g'),(422,2,'GC','IyaRbZSPGlo'),(441,1,'Downtown','http://farm7.static.flickr.com/6073/6154176505_2fe57ec93b_o.jpg'),(442,1,'Downtown','http://news.fiu.edu/wp-content/uploads/brickell.jpg'),(443,1,'Downtown','http://news.fiu.edu/wp-content/uploads/inside.jpg'),(438,1,'MBUS','http://news.fiu.edu/wp-content/uploads/420-Lincoln-1-400x222.jpg'),(439,1,'MBUS','http://farm6.static.flickr.com/5242/5263322689_df722cfc78.jpg'),(440,1,'MBUS','http://1.bp.blogspot.com/-prqy-MiAufY/Tfkx52FYnfI/AAAAAAAAQcE/bgh57eBMiyA/s1600/420+Lincoln+Road.JPG'),(444,1,'Downtown','http://farm7.static.flickr.com/6167/6155914212_630e5c1768_z.jpg'),(445,2,'Downtown','pVUrKEWjraQ'),(450,1,'PC','http://farm4.static.flickr.com/3178/3048174901_bbbe7fcbfe.jpg');
/*!40000 ALTER TABLE `variables` ENABLE KEYS */;
UNLOCK TABLES;
/*!40103 SET TIME_ZONE=@OLD_TIME_ZONE */;

/*!40101 SET SQL_MODE=@OLD_SQL_MODE */;
/*!40014 SET FOREIGN_KEY_CHECKS=@OLD_FOREIGN_KEY_CHECKS */;
/*!40014 SET UNIQUE_CHECKS=@OLD_UNIQUE_CHECKS */;
/*!40101 SET CHARACTER_SET_CLIENT=@OLD_CHARACTER_SET_CLIENT */;
/*!40101 SET CHARACTER_SET_RESULTS=@OLD_CHARACTER_SET_RESULTS */;
/*!40101 SET COLLATION_CONNECTION=@OLD_COLLATION_CONNECTION */;
/*!40111 SET SQL_NOTES=@OLD_SQL_NOTES */;

-- Dump completed on 2011-11-02  4:00:02
